eval,dataset,model,family,metric,n_units,n_eff,chance,threshold,score_mean,obs_sd,sampling_sd,true_sd,noise_share,frac_units_above,p_group,group_significant,params_start,params_end,width_end,reached_target,param_epochs,epochs,credible
cross_session,bnci2014_001,bd_deep4,braindecode,accuracy,18,288,0.25,0.2951388888888889,0.3057484548888888,0.073507294414206,0.0267180092167392,0.0684797073269958,0.1321135354567586,0.2222222222222222,1.1444091796875e-05,True,282879.0,282879.0,,0.0,6789096.0,24.0,True
cross_session,bnci2014_001,bd_eegnex,braindecode,accuracy,18,288,0.25,0.2951388888888889,0.5905478378888889,0.1739054905871276,0.0270684022317401,0.1717859751463147,0.0242269450937891,1.0,3.814697265625e-06,True,56452.0,56452.0,,0.0,4205674.0,74.5,True
cross_session,bnci2014_001,bd_sccnet,braindecode,accuracy,18,288,0.25,0.2951388888888889,0.6242669748888888,0.1396589104594673,0.0273461579485516,0.1369554632578721,0.0383402849801741,1.0,3.814697265625e-06,True,14394.0,14394.0,,0.0,863640.0,60.0,True
cross_session,bnci2014_001,bd_shallow,braindecode,accuracy,18,288,0.25,0.2951388888888889,0.5303240742222223,0.1403731940941323,0.0282439003123608,0.1375024207617246,0.0404837725090841,1.0,3.814697265625e-06,True,46084.0,46084.0,,0.0,2511578.0,54.5,True
cross_session,bnci2014_001,fix_deepeeg,fixed control,accuracy,18,288,0.25,0.2951388888888889,0.4133101855555555,0.1013187045138668,0.0282858216732089,0.0972902470787266,0.0779396303671016,0.7777777777777778,3.814697265625e-06,True,10036.0,10036.0,32.0,1.0,511836.0,51.0,True
cross_session,bnci2014_001,grow_deep,growing,accuracy,18,288,0.25,0.2951388888888889,0.4219521616666666,0.1073101756726729,0.0283305520501935,0.1035029160141452,0.0696992753582232,0.8333333333333334,3.814697265625e-06,True,6196.0,10036.0,32.0,0.9888888888888889,456004.0,49.0,True
cross_session,bnci2014_001,grow_eegnex,growing,accuracy,18,288,0.25,0.2951388888888889,0.4846450621111111,0.1419590991637059,0.028099411872352,0.139150310412154,0.0391803210807048,0.8888888888888888,3.814697265625e-06,True,39940.0,52624.0,8.0,0.9555555555555556,3079714.0,62.5,True
cross_session,bnci2014_001,grow_sccnet,growing,accuracy,18,288,0.25,0.2951388888888889,0.6298611096666666,0.1466056785258845,0.0270429005572716,0.1440899250658577,0.0340255346215334,1.0,3.814697265625e-06,True,4944.0,14394.0,22.0,1.0,929092.5,69.5,True
cross_session,bnci2014_001,grow_shallow,growing,accuracy,18,288,0.25,0.2951388888888889,0.5336805583333333,0.1409647291264339,0.0281745161217327,0.1381204239024595,0.0399477211642152,1.0,3.814697265625e-06,True,17092.0,28870.0,21.0,0.022222222222222223,1335372.0,57.5,True
cross_session,bnci2014_004,bd_deep4,braindecode,roc_auc,40,160,0.5,0.5875,0.8184870567499999,0.1898819737747686,0.0326882043920227,0.1870471738846306,0.0296356634911908,0.75,2.8122538078368717e-08,True,269002.0,269002.0,,0.0,10491078.0,39.0,True
cross_session,bnci2014_004,bd_eegnex,braindecode,roc_auc,40,160,0.5,0.5875,0.84114430815,0.1600438317212671,0.031842535842757,0.1568441295781516,0.0395856163679566,0.95,9.094947017729282e-13,True,54802.0,54802.0,,0.0,2137278.0,39.0,True
cross_session,bnci2014_004,bd_sccnet,braindecode,roc_auc,40,160,0.5,0.5875,0.82379326775,0.1779898904065075,0.0328333809044115,0.1749353314379527,0.034028322389493,0.8,9.094947017729282e-13,True,12774.0,12774.0,,0.0,408768.0,32.0,True
cross_session,bnci2014_004,bd_shallow,braindecode,roc_auc,40,160,0.5,0.5875,0.8156121134,0.1803877462192186,0.0334113007309807,0.1772665336985895,0.0343062068510946,0.775,9.094947017729282e-13,True,11442.0,11442.0,,0.0,400470.0,35.0,True
cross_session,bnci2014_004,fix_deepeeg,fixed control,roc_auc,40,160,0.5,0.5875,0.8133980408999999,0.1802383056852208,0.0334766985429356,0.1771021103514707,0.034497772244713,0.75,9.094947017729282e-13,True,7410.0,7410.0,32.0,1.0,288990.0,39.0,True
cross_session,bnci2014_004,grow_deep,growing,roc_auc,40,160,0.5,0.5875,0.8104439687999999,0.1828596836651343,0.0335791321069904,0.1797501204368283,0.0337211988280585,0.775,2.7284841053187847e-12,True,3570.0,7410.0,32.0,0.935,260715.0,40.0,True
cross_session,bnci2014_004,grow_eegnex,growing,roc_auc,40,160,0.5,0.5875,0.83389028745,0.1661503858732077,0.0322373123698636,0.162992964317432,0.0376456626744721,0.875,9.094947017729282e-13,True,38614.0,51298.0,8.0,0.875,2047826.0,44.0,True
cross_session,bnci2014_004,grow_sccnet,growing,roc_auc,40,160,0.5,0.5875,0.82187372245,0.1743001719894215,0.0330945925817373,0.1711294769973623,0.0360510938661066,0.825,9.094947017729282e-13,True,3666.0,7208.0,11.0,0.005,184982.0,35.0,True
cross_session,bnci2014_004,grow_shallow,growing,roc_auc,40,160,0.5,0.5875,0.8150531686499999,0.1786989923284625,0.0335356526437158,0.1755240435409575,0.035218375383915,0.775,9.094947017729282e-13,True,6770.0,7792.0,15.0,0.0,253302.0,35.0,True
cross_session,bnci2015_001,bd_deep4,braindecode,accuracy,28,200,0.5,0.565,0.7844325000000001,0.1633819595559232,0.0263393781801534,0.1612448506632574,0.0259897938517434,0.8214285714285714,3.725290298461914e-09,True,275652.0,275652.0,,0.0,7166952.0,26.0,True
cross_session,bnci2015_001,bd_eegnex,braindecode,accuracy,28,200,0.5,0.565,0.911475,0.1109663668264698,0.0184169097975564,0.1094273823143701,0.0275455081280653,1.0,3.725290298461914e-09,True,55506.0,55506.0,,0.0,3108336.0,56.0,True
cross_session,bnci2015_001,bd_sccnet,braindecode,accuracy,28,200,0.5,0.565,0.9095835714285716,0.0958445383290734,0.0190644080110844,0.0939293557664489,0.0395650672823022,1.0,3.725290298461914e-09,True,13194.0,13194.0,,0.0,527760.0,40.0,True
cross_session,bnci2015_001,bd_shallow,braindecode,accuracy,28,200,0.5,0.565,0.8691742857142856,0.1179271086677281,0.0223031357034664,0.1157988475612901,0.0357688149953236,1.0,3.725290298461914e-09,True,28082.0,28082.0,,0.0,1305813.0,46.5,True
cross_session,bnci2015_001,fix_deepeeg,fixed control,accuracy,28,200,0.5,0.565,0.7573021428571426,0.161364125926362,0.0276924260291503,0.1589701565596476,0.0294515413756016,0.8571428571428571,3.725290298461914e-09,True,8274.0,8274.0,32.0,1.0,397152.0,48.0,True
cross_session,bnci2015_001,grow_deep,growing,accuracy,28,200,0.5,0.565,0.7491542857142857,0.1667288708681024,0.0279283937682511,0.1643731158142288,0.0280588779554057,0.8571428571428571,3.725290298461914e-09,True,4434.0,8274.0,32.0,0.9357142857142857,336570.0,45.0,True
cross_session,bnci2015_001,grow_eegnex,growing,accuracy,28,200,0.5,0.565,0.898295357142857,0.1132333207562922,0.0191552232085238,0.1116013546213888,0.0286171214215456,1.0,3.725290298461914e-09,True,39270.0,51954.0,8.0,0.9142857142857143,2674161.0,55.5,True
cross_session,bnci2015_001,grow_sccnet,growing,accuracy,28,200,0.5,0.565,0.8878896428571429,0.1035667655645253,0.0205399705021992,0.1015095293126026,0.039333156910082,1.0,1.893441255725559e-06,True,3906.0,12162.0,20.0,0.35,505116.0,55.0,True
cross_session,bnci2015_001,grow_shallow,growing,accuracy,28,200,0.5,0.565,0.8742442857142855,0.1172418301482365,0.0218960064621936,0.1151790416591296,0.034879049940885,1.0,3.725290298461914e-09,True,10610.0,16070.0,18.0,0.014285714285714285,650775.0,49.5,True
cross_session,lee2019_mi,bd_deep4,braindecode,roc_auc,108,100,0.5,0.596,0.5540770370370371,0.1146433043987971,0.0555738951592393,0.1002727750703306,0.2349872420350366,0.1759259259259259,2.6363115078658156e-07,True,305077.0,305077.0,,0.0,9152310.0,30.0,False
cross_session,lee2019_mi,bd_eegnex,braindecode,roc_auc,108,100,0.5,0.596,0.6262496296296297,0.1391207284079505,0.0526742068920428,0.1287633682421091,0.1433548282287658,0.4629629629629629,7.631576670102437e-17,True,58514.0,58514.0,,0.0,1579878.0,27.0,True
cross_session,lee2019_mi,bd_sccnet,braindecode,roc_auc,108,100,0.5,0.596,0.6686837037037037,0.1398135586902465,0.0511915317446566,0.1301047972646159,0.1340595228394449,0.6388888888888888,7.422755806021041e-19,True,13872.0,13872.0,,0.0,443904.0,32.0,True
cross_session,lee2019_mi,bd_shallow,braindecode,roc_auc,108,100,0.5,0.596,0.6218162962962964,0.1258131904633437,0.0537028966503665,0.1137759103937456,0.1821977761045349,0.4722222222222222,2.090735327084045e-17,True,105202.0,105202.0,,0.0,2945656.0,28.0,True
cross_session,lee2019_mi,fix_deepeeg,fixed control,roc_auc,108,100,0.5,0.596,0.5434614814814815,0.0772778959923188,0.0563634573241987,0.052868080043282,0.5319669742400519,0.1018518518518518,6.25437141489332e-10,True,10962.0,10962.0,32.0,1.0,295974.0,27.0,False
cross_session,lee2019_mi,grow_deep,growing,roc_auc,108,100,0.5,0.596,0.5433659259259259,0.0724367089907805,0.056404645466685,0.0454487929343847,0.6063345641355553,0.1111111111111111,5.4569648320864835e-12,True,7122.0,10802.0,31.0,0.4444444444444444,266536.0,28.0,False
cross_session,lee2019_mi,grow_eegnex,growing,roc_auc,108,100,0.5,0.596,0.5809681481481481,0.1134079467467938,0.054483420548893,0.0994631553421471,0.2308031626645473,0.2407407407407407,3.009810418682051e-16,True,42374.0,50830.0,6.0,0.32222222222222224,970186.0,21.0,False
cross_session,lee2019_mi,grow_sccnet,growing,roc_auc,108,100,0.5,0.596,0.6581659259259257,0.151095257080488,0.0508038648207908,0.1422980816156338,0.1130555376543734,0.5648148148148148,9.763408269790233e-18,True,3702.0,13872.0,22.0,1.0,380877.0,31.0,True
cross_session,lee2019_mi,grow_shallow,growing,roc_auc,108,100,0.5,0.596,0.6536451851851852,0.1394250102229378,0.0520263000602317,0.1293545421611048,0.1392401597176929,0.6111111111111112,4.523157440912747e-18,True,25010.0,40046.0,14.0,0.0,1033378.0,32.0,True
cross_session,shin2017a,bd_deep4,braindecode,roc_auc,87,20,0.5,0.73,0.5225057471264367,0.1165137853470086,0.126002730884215,0.0,1.0,0.057471264367816,0.0764115129052456,False,292677.0,292677.0,,0.0,7902279.0,27.0,False
cross_session,shin2017a,bd_eegnex,braindecode,roc_auc,87,20,0.5,0.73,0.581793103448276,0.1342503854683335,0.1210422312228744,0.0580684446062087,0.8129105474984583,0.1149425287356321,3.963088901903614e-07,True,57218.0,57218.0,,0.0,1316014.0,23.0,False
cross_session,shin2017a,bd_sccnet,braindecode,roc_auc,87,20,0.5,0.73,0.6158390804597701,0.1645671470762589,0.116911317277623,0.1158192116586449,0.5046924723457749,0.264367816091954,2.5569066112159623e-08,True,15568.0,15568.0,,0.0,373632.0,24.0,False
cross_session,shin2017a,bd_shallow,braindecode,roc_auc,87,20,0.5,0.73,0.5437701149425288,0.1322486823383098,0.1246540397653551,0.0441710804757644,0.8884438960749658,0.0919540229885057,0.0022869549898572,True,62002.0,62002.0,,0.0,1426046.0,23.0,False
cross_session,shin2017a,fix_deepeeg,fixed control,roc_auc,87,20,0.5,0.73,0.5115862068965515,0.0921243537384341,0.1263394873220369,0.0,1.0,0.0229885057471264,0.319242013107847,False,11586.0,11586.0,32.0,1.0,266478.0,23.0,False
cross_session,shin2017a,grow_deep,growing,roc_auc,87,20,0.5,0.73,0.5145287356321838,0.0851529184085845,0.1262973850314309,0.0,1.0,0.0229885057471264,0.0888193252715401,False,7746.0,10786.0,27.0,0.02528735632183908,223918.0,23.0,False
cross_session,shin2017a,grow_eegnex,growing,roc_auc,87,20,0.5,0.73,0.5452183908045977,0.1004720747142228,0.1229039906251242,0.0,1.0,0.0344827586206896,9.772017484839772e-05,True,40514.0,48970.0,6.0,0.23908045977011494,931126.0,21.0,False
cross_session,shin2017a,grow_sccnet,growing,roc_auc,87,20,0.5,0.73,0.5673103448275862,0.1386824472339954,0.1217470578872948,0.0664114076540892,0.770679765208263,0.160919540229885,2.5557005625319813e-05,True,5974.0,12370.0,16.0,0.18160919540229886,243247.0,23.0,False
cross_session,shin2017a,grow_shallow,growing,roc_auc,87,20,0.5,0.73,0.5680000000000001,0.1453025712411942,0.1224293920406008,0.0782552309681032,0.7099451337041047,0.1494252873563218,4.518900617162743e-05,True,22770.0,27674.0,12.0,0.0,580106.0,23.0,False
cross_session,zhou2016,bd_deep4,braindecode,accuracy,12,150,0.3333333333333333,0.3966480446927374,0.6295761315,0.1287248587494379,0.036617203880447,0.1234069270342654,0.0809180686342996,1.0,0.000244140625,True,278878.0,278878.0,,0.0,16872119.0,60.5,True
cross_session,zhou2016,bd_eegnex,braindecode,accuracy,12,150,0.3333333333333333,0.3966480446927374,0.8191188585,0.0591452753595685,0.0310342554287739,0.0503491666995671,0.2753230325607024,1.0,0.000244140625,True,55883.0,55883.0,,0.0,3380921.5,60.5,True
cross_session,zhou2016,bd_sccnet,braindecode,accuracy,12,150,0.3333333333333333,0.3966480446927374,0.8256459708333334,0.0440311057381797,0.0307493050046292,0.0315153694926625,0.487698505603554,1.0,0.000244140625,True,14117.0,14117.0,,0.0,635265.0,45.0,True
cross_session,zhou2016,bd_shallow,braindecode,accuracy,12,150,0.3333333333333333,0.3966480446927374,0.775027223,0.0291472275826846,0.0339714474649148,0.0,1.0,1.0,0.000244140625,True,32763.0,32763.0,,0.0,1703676.0,52.0,True
cross_session,zhou2016,fix_deepeeg,fixed control,accuracy,12,150,0.3333333333333333,0.3966480446927374,0.6581108361666667,0.0671816541885844,0.03790845145515,0.0554646190628502,0.3183982718337036,1.0,0.000244140625,True,9379.0,9379.0,32.0,1.0,595566.5,63.5,True
cross_session,zhou2016,grow_deep,growing,accuracy,12,150,0.3333333333333333,0.3966480446927374,0.6352074639999999,0.088772323234014,0.0380081758674287,0.0802240857822317,0.1833153710583113,1.0,0.000244140625,True,5539.0,9379.0,32.0,1.0,573875.0,65.0,True
cross_session,zhou2016,grow_eegnex,growing,accuracy,12,150,0.3333333333333333,0.3966480446927374,0.7475767623333334,0.0629972341023606,0.0342373850530388,0.0528814993100383,0.2953644415305393,1.0,0.000244140625,True,39413.0,52097.0,8.0,1.0,3307261.5,67.5,True
cross_session,zhou2016,grow_sccnet,growing,accuracy,12,150,0.3333333333333333,0.3966480446927374,0.8208682188333333,0.0464061090786379,0.0309256198619624,0.0345996097661785,0.4441058699015483,1.0,0.000244140625,True,4811.0,13858.5,21.5,0.5,587112.5,56.5,True
cross_session,zhou2016,grow_shallow,growing,accuracy,12,150,0.3333333333333333,0.3966480446927374,0.7832132135000002,0.0397564696626,0.0334627581997801,0.0214667345839157,0.7084477828838083,1.0,0.000244140625,True,14011.0,20457.0,19.0,0.0,1009800.5,58.5,True
cross_subject,alexmi,bd_deep4,braindecode,accuracy,8,60,0.3333333333333333,0.45,0.3604166685,0.0391349906946031,0.0616234218865645,0.0,1.0,0.0,0.125,False,275928.0,275928.0,,0.0,8967660.0,32.5,False
cross_subject,alexmi,bd_eegnex,braindecode,accuracy,8,60,0.3333333333333333,0.45,0.41916666575,0.063614662631708,0.0629566360293857,0.0091261865863833,0.9794191062377838,0.25,0.00390625,True,55627.0,55627.0,,0.0,3365433.5,60.5,False
cross_subject,alexmi,bd_sccnet,braindecode,accuracy,8,60,0.3333333333333333,0.45,0.4083333327499999,0.0437525501297599,0.0630284850054779,0.0,1.0,0.25,0.00390625,True,12961.0,12961.0,,0.0,719335.5,55.5,False
cross_subject,alexmi,bd_shallow,braindecode,accuracy,8,60,0.3333333333333333,0.45,0.3700000015,0.0450748929446122,0.0617486772741614,0.0,1.0,0.0,0.02734375,True,32003.0,32003.0,,0.0,1520142.5,47.5,False
cross_subject,alexmi,fix_deepeeg,fixed control,accuracy,8,60,0.3333333333333333,0.45,0.34208333375,0.0325106815059932,0.0606306860455548,0.0,1.0,0.0,0.23046875,False,8163.0,8163.0,32.0,1.0,195912.0,24.0,False
cross_subject,alexmi,grow_deep,growing,accuracy,8,60,0.3333333333333333,0.45,0.342916666,0.0376465396373514,0.0606091098373102,0.0,1.0,0.0,0.3203125,False,4323.0,8163.0,32.0,1.0,194004.0,28.0,False
cross_subject,alexmi,grow_eegnex,growing,accuracy,8,60,0.3333333333333333,0.45,0.3908333337499999,0.0426409888636493,0.0622388358797604,0.0,1.0,0.125,0.00390625,True,39445.0,52129.0,8.0,0.95,2605680.0,54.0,False
cross_subject,alexmi,grow_sccnet,growing,accuracy,8,60,0.3333333333333333,0.45,0.391666665,0.0487299001266081,0.0625201060986916,0.0,1.0,0.125,0.01171875,True,3619.0,12961.0,22.0,0.8,479662.5,49.5,False
cross_subject,alexmi,grow_shallow,growing,accuracy,8,60,0.3333333333333333,0.45,0.3920833345,0.0563981707304948,0.062181337768209,0.0,1.0,0.25,0.0078125,True,10691.0,16019.0,16.0,0.0,550902.5,41.5,False
cross_subject,bnci2014_001,bd_deep4,braindecode,accuracy,18,288,0.25,0.2951388888888889,0.4575231455555555,0.1551904420815058,0.0279342972664583,0.15265565285859,0.0324000410401913,0.8888888888888888,3.814697265625e-06,True,282879.0,282879.0,,0.0,25741989.0,91.0,True
cross_subject,bnci2014_001,bd_eegnex,braindecode,accuracy,18,288,0.25,0.2951388888888889,0.4277777766666666,0.167206369844392,0.0274640202870573,0.1649354349623261,0.0269787973584563,0.6111111111111112,1.9073486328125e-05,True,56452.0,56452.0,,0.0,5814556.0,103.0,True
cross_subject,bnci2014_001,bd_sccnet,braindecode,accuracy,18,288,0.25,0.2951388888888889,0.4398919759999999,0.1510270347285272,0.0278532371637429,0.1484363917588677,0.0340127669318273,0.7777777777777778,3.814697265625e-06,True,14394.0,14394.0,,0.0,1021974.0,71.0,True
cross_subject,bnci2014_001,bd_shallow,braindecode,accuracy,18,288,0.25,0.2951388888888889,0.4236111102222222,0.1388598830603334,0.0279150361910282,0.1360250634184122,0.0404131590536534,0.7777777777777778,3.814697265625e-06,True,46084.0,46084.0,,0.0,4009308.0,87.0,True
cross_subject,bnci2014_001,fix_deepeeg,fixed control,accuracy,18,288,0.25,0.2951388888888889,0.3891589516666667,0.1017096221831502,0.0280450122101189,0.097766684176019,0.0760303841386647,0.7777777777777778,3.814697265625e-06,True,10036.0,10036.0,32.0,1.0,501800.0,50.0,True
cross_subject,bnci2014_001,grow_deep,growing,accuracy,18,288,0.25,0.2951388888888889,0.390972220111111,0.1063648749098921,0.0280398771985208,0.1026023971517667,0.0694953501154724,0.7222222222222222,3.814697265625e-06,True,6196.0,10036.0,32.0,1.0,525856.0,56.0,True
cross_subject,bnci2014_001,grow_eegnex,growing,accuracy,18,288,0.25,0.2951388888888889,0.4016203732222222,0.1333692896596146,0.0277919948511759,0.1304414521787548,0.0434237939422193,0.6666666666666666,3.814697265625e-06,True,39940.0,52624.0,8.0,1.0,3474394.0,70.0,True
cross_subject,bnci2014_001,grow_sccnet,growing,accuracy,18,288,0.25,0.2951388888888889,0.4363811714444444,0.1478851418304567,0.0279214023985916,0.1452253781620492,0.0356471957469544,0.7777777777777778,3.814697265625e-06,True,4944.0,14394.0,22.0,1.0,1195842.0,93.0,True
cross_subject,bnci2014_001,grow_shallow,growing,accuracy,18,288,0.25,0.2951388888888889,0.4287808643333333,0.1451646297770224,0.0278849563520116,0.1424612191003095,0.0368993160562255,0.8333333333333334,3.814697265625e-06,True,17092.0,36118.0,29.0,0.08888888888888889,1902214.0,73.0,True
cross_subject,bnci2014_002,bd_deep4,braindecode,accuracy,14,160,0.5,0.56875,0.8249999985714285,0.1241956676550695,0.0284394995078625,0.1208956522461861,0.0524361751407628,1.0,6.103515625e-05,True,276902.0,276902.0,,0.0,19660042.0,71.0,True
cross_subject,bnci2014_002,bd_eegnex,braindecode,accuracy,14,160,0.5,0.56875,0.8130122845714285,0.1337867135106642,0.0289650531474349,0.1306135919732353,0.0468729933363938,1.0,6.103515625e-05,True,55634.0,55634.0,,0.0,3171138.0,57.0,True
cross_subject,bnci2014_002,bd_sccnet,braindecode,accuracy,14,160,0.5,0.56875,0.7884441997142856,0.1144113317558059,0.0309691944748179,0.1101401917000237,0.0732692484512166,1.0,6.103515625e-05,True,13238.0,13238.0,,0.0,840613.0,63.5,True
cross_subject,bnci2014_002,bd_shallow,braindecode,accuracy,14,160,0.5,0.56875,0.7468091515714288,0.1068021495951987,0.0332643594299413,0.1014898100789969,0.0970059429938789,1.0,6.103515625e-05,True,31282.0,31282.0,,0.0,1657946.0,53.0,True
cross_subject,bnci2014_002,fix_deepeeg,fixed control,accuracy,14,160,0.5,0.56875,0.7603437487142858,0.1257228916758465,0.0322129753699371,0.1215260042507465,0.0656497321108245,1.0,6.103515625e-05,True,8402.0,8402.0,32.0,1.0,382291.0,45.5,True
cross_subject,bnci2014_002,grow_deep,growing,accuracy,14,160,0.5,0.56875,0.7645803581428571,0.1334555488266859,0.0318213496269367,0.1296062699893496,0.0568543788718287,0.9285714285714286,6.103515625e-05,True,4562.0,8402.0,32.0,1.0,363735.0,47.5,True
cross_subject,bnci2014_002,grow_eegnex,growing,accuracy,14,160,0.5,0.56875,0.8012042394285714,0.1378271707244758,0.0296739159145189,0.1345949022222307,0.0463532341522127,1.0,6.103515625e-05,True,39398.0,52082.0,8.0,1.0,2837511.0,58.5,True
cross_subject,bnci2014_002,grow_sccnet,growing,accuracy,14,160,0.5,0.56875,0.7960267879999998,0.1142530741171239,0.0305383154068351,0.1100962135467231,0.0714421250728388,1.0,6.103515625e-05,True,3914.0,13238.0,22.0,0.7857142857142857,731662.0,71.0,True
cross_subject,bnci2014_002,grow_shallow,growing,accuracy,14,160,0.5,0.56875,0.7662276782857143,0.1156988541582368,0.0321297826407873,0.1111481080405092,0.0771183021232527,1.0,6.103515625e-05,True,11250.0,19388.0,21.0,0.0,943196.0,62.5,True
cross_subject,bnci2014_004,bd_deep4,braindecode,roc_auc,41,160,0.5,0.57546875,0.8019681320487805,0.1433628276295969,0.0357079436384365,0.138844672591597,0.0620378251936979,0.951219512195122,4.547473508864641e-13,True,269002.0,269002.0,,0.0,17485130.0,65.0,True
cross_subject,bnci2014_004,bd_eegnex,braindecode,roc_auc,41,160,0.5,0.57546875,0.8146390536585365,0.1423764141475614,0.0346896329945417,0.1380857438992959,0.0593640208428953,0.951219512195122,4.547473508864641e-13,True,54802.0,54802.0,,0.0,2849704.0,52.0,True
cross_subject,bnci2014_004,bd_sccnet,braindecode,roc_auc,41,160,0.5,0.57546875,0.79469308,0.1458043728452853,0.0361905590119233,0.1412414902895444,0.0616097553859369,0.951219512195122,4.547473508864641e-13,True,12774.0,12774.0,,0.0,498186.0,39.0,True
cross_subject,bnci2014_004,bd_shallow,braindecode,roc_auc,41,160,0.5,0.57546875,0.7951114915609755,0.1467337827444866,0.0361201498103815,0.1422186266850506,0.0605952886390221,0.902439024390244,4.547473508864641e-13,True,11442.0,11442.0,,0.0,560658.0,49.0,True
cross_subject,bnci2014_004,fix_deepeeg,fixed control,roc_auc,41,160,0.5,0.57546875,0.7626267156585366,0.1424263670975906,0.0384546050504609,0.1371368418588918,0.0728980509667556,0.8292682926829268,4.547473508864641e-13,True,7410.0,7410.0,32.0,1.0,229710.0,31.0,True
cross_subject,bnci2014_004,grow_deep,growing,roc_auc,41,160,0.5,0.57546875,0.7671032326829268,0.1411114722787855,0.0382111877069277,0.1358394373615865,0.0733257354729774,0.8536585365853658,4.547473508864641e-13,True,3570.0,7410.0,32.0,0.9777777777777777,199360.0,32.0,True
cross_subject,bnci2014_004,grow_eegnex,growing,roc_auc,41,160,0.5,0.57546875,0.8130062208780487,0.142867580640946,0.0348383440458138,0.1385548100296151,0.0594631109760783,0.951219512195122,4.547473508864641e-13,True,38614.0,51298.0,8.0,0.9111111111111111,2406912.0,51.0,True
cross_subject,bnci2014_004,grow_sccnet,growing,roc_auc,41,160,0.5,0.57546875,0.794692618097561,0.147084360233182,0.0361480640794288,0.1425732320195974,0.06040002179774,0.926829268292683,4.547473508864641e-13,True,3666.0,7714.0,12.0,0.044444444444444446,229242.0,41.0,True
cross_subject,bnci2014_004,grow_shallow,growing,roc_auc,41,160,0.5,0.57546875,0.7938013443414634,0.1496244119824223,0.0361418380114392,0.1451937746814254,0.058346600413205,0.902439024390244,4.547473508864641e-13,True,6770.0,7938.0,16.0,0.0,284470.0,39.0,True
cross_subject,bnci2015_001,bd_deep4,braindecode,accuracy,28,200,0.5,0.565,0.8093232142857144,0.1222223036278589,0.0262617112981709,0.1193675585064554,0.0461684309828312,1.0,3.725290298461914e-09,True,275652.0,275652.0,,0.0,25635636.0,93.0,True
cross_subject,bnci2015_001,bd_eegnex,braindecode,accuracy,28,200,0.5,0.565,0.7836489285714284,0.1509165250588767,0.0270689131843746,0.1484690926585845,0.0321712581010601,1.0,3.725290298461914e-09,True,55506.0,55506.0,,0.0,5189811.0,93.5,True
cross_subject,bnci2015_001,bd_sccnet,braindecode,accuracy,28,200,0.5,0.565,0.7980867857142858,0.1159127192092002,0.0271031259373506,0.112699507713632,0.0546734623855924,1.0,3.725290298461914e-09,True,13194.0,13194.0,,0.0,844416.0,64.0,True
cross_subject,bnci2015_001,bd_shallow,braindecode,accuracy,28,200,0.5,0.565,0.7802339285714286,0.1258228496983633,0.0278305287159044,0.1227063616020381,0.0489242165574048,0.9642857142857144,3.725290298461914e-09,True,28082.0,28082.0,,0.0,2078068.0,74.0,True
cross_subject,bnci2015_001,fix_deepeeg,fixed control,accuracy,28,200,0.5,0.565,0.7495135714285716,0.1394192894942044,0.0289644020603938,0.1363774237047783,0.0431601956204391,0.9285714285714286,3.725290298461914e-09,True,8274.0,8274.0,32.0,1.0,376467.0,45.5,True
cross_subject,bnci2015_001,grow_deep,growing,accuracy,28,200,0.5,0.565,0.7427642857142857,0.1417163125148415,0.0291816793488306,0.1386792804393874,0.0424014663045616,0.9285714285714286,3.725290298461914e-09,True,4434.0,8274.0,32.0,1.0,361392.0,48.0,True
cross_subject,bnci2015_001,grow_eegnex,growing,accuracy,28,200,0.5,0.565,0.7664892857142858,0.1603817702979841,0.0276824235722104,0.1579746678081143,0.029791900804429,0.9642857142857144,3.725290298461914e-09,True,39270.0,51954.0,8.0,1.0,4310712.0,87.0,True
cross_subject,bnci2015_001,grow_sccnet,growing,accuracy,28,200,0.5,0.565,0.7905432142857144,0.1185180507912604,0.0273369730587094,0.1153222366560204,0.0532024765608244,0.9642857142857144,3.725290298461914e-09,True,3906.0,13194.0,22.0,0.5666666666666667,722658.0,77.5,True
cross_subject,bnci2015_001,grow_shallow,growing,accuracy,28,200,0.5,0.565,0.7747689285714287,0.1188651276257094,0.0280853246600711,0.1154994939565303,0.0558277307358105,0.9642857142857144,3.725290298461914e-09,True,10610.0,20165.0,25.5,0.016666666666666666,1002478.0,69.5,True
cross_subject,cho2017,bd_deep4,braindecode,roc_auc,52,200,0.5,0.5673685359734585,0.7443378526923077,0.1298198943202929,0.0331119451950718,0.1255261090241013,0.0650559295467552,0.8653846153846154,1.7519324821041314e-10,True,305127.0,305127.0,,0.0,24105033.0,79.0,True
cross_subject,cho2017,bd_eegnex,braindecode,roc_auc,52,200,0.5,0.5673685359734585,0.7327797753076924,0.1329823730999798,0.0336491745601153,0.1286547496469723,0.0640266342874754,0.8461538461538461,1.7515663099002766e-10,True,58514.0,58514.0,,0.0,3510840.0,60.0,True
cross_subject,cho2017,bd_sccnet,braindecode,roc_auc,52,200,0.5,0.5673685359734585,0.7235871470384615,0.1206780088967051,0.0343233245814069,0.1156939549888092,0.0808951384367637,0.9230769230769232,1.7519324821041314e-10,True,13516.0,13516.0,,0.0,567672.0,42.0,True
cross_subject,cho2017,bd_shallow,braindecode,roc_auc,52,200,0.5,0.5673685359734585,0.7170041236923078,0.1124483905751859,0.0347727684287856,0.1069368744575397,0.0956251322522687,0.9230769230769232,1.7519324821041314e-10,True,107042.0,107042.0,,0.0,5245058.0,49.0,True
cross_subject,cho2017,fix_deepeeg,fixed control,roc_auc,52,200,0.5,0.5673685359734585,0.667703899423077,0.1143478713522452,0.03663886338271,0.1083191089919628,0.102666277632631,0.8461538461538461,2.0874430052431047e-10,True,10642.0,10642.0,32.0,1.0,361828.0,34.0,True
cross_subject,cho2017,grow_deep,growing,roc_auc,52,200,0.5,0.5673685359734585,0.6754858226923075,0.1123749999794086,0.0364115464848562,0.1063124635353412,0.1049878012349674,0.8653846153846154,1.8574551480482643e-10,True,6802.0,10642.0,32.0,0.9,320868.0,34.0,True
cross_subject,cho2017,grow_eegnex,growing,roc_auc,52,200,0.5,0.5673685359734585,0.732111495423077,0.1376416179925497,0.0335445006375357,0.1334915034022216,0.0593940751164558,0.8461538461538461,1.7519324821041314e-10,True,42470.0,55154.0,8.0,1.0,3210262.0,62.0,True
cross_subject,cho2017,grow_sccnet,growing,roc_auc,52,200,0.5,0.5673685359734585,0.7343964425,0.1175981905764217,0.0338534497545873,0.1126200620074506,0.0828713823032151,0.9230769230769232,1.7519324821041314e-10,True,3310.0,13516.0,22.0,0.5076923076923077,591170.5,67.5,True
cross_subject,cho2017,grow_shallow,growing,roc_auc,52,200,0.5,0.5673685359734585,0.7216169230000001,0.1160763351868415,0.0344919452460926,0.1108333041262802,0.0882974172103204,0.9423076923076924,1.8574551480482643e-10,True,24290.0,44978.0,16.0,0.0,1489262.0,43.0,True
cross_subject,lee2019_mi,bd_deep4,braindecode,roc_auc,108,100,0.5,0.596,0.8573018518518519,0.1059215413932314,0.0368592347651278,0.0993014085682938,0.1210943959000232,0.9814814814814816,9.343410879886316e-20,True,305077.0,305077.0,,0.0,28372161.0,93.0,True
cross_subject,lee2019_mi,bd_eegnex,braindecode,roc_auc,108,100,0.5,0.596,0.869692962962963,0.1021094014478392,0.0353743121722609,0.095786157154233,0.1200174920589148,0.9907407407407408,9.342959085577616e-20,True,58514.0,58514.0,,0.0,4154494.0,71.0,True
cross_subject,lee2019_mi,bd_sccnet,braindecode,roc_auc,108,100,0.5,0.596,0.8405529629629631,0.1060160313503968,0.0387993369719305,0.0986610883470627,0.1339385284226348,0.9907407407407408,9.341603827395462e-20,True,13872.0,13872.0,,0.0,735216.0,53.0,True
cross_subject,lee2019_mi,bd_shallow,braindecode,roc_auc,108,100,0.5,0.596,0.8160162962962962,0.1184705295156752,0.0411226593806163,0.1111044249757419,0.1204874257965591,0.9629629629629628,9.60850276632556e-20,True,105202.0,105202.0,,0.0,5575706.0,53.0,True
cross_subject,lee2019_mi,fix_deepeeg,fixed control,roc_auc,108,100,0.5,0.596,0.8244222222222222,0.1046514895994768,0.0406015454587123,0.0964543870529149,0.1505200316386368,0.9907407407407408,9.343410879886316e-20,True,10962.0,10962.0,32.0,1.0,383670.0,35.0,True
cross_subject,lee2019_mi,grow_deep,growing,roc_auc,108,100,0.5,0.596,0.818261851851852,0.1057360912056734,0.0412224371028801,0.097369562301335,0.1519920332897739,0.9814814814814816,9.343410879886316e-20,True,7122.0,10962.0,32.0,0.9592592592592593,367834.0,37.0,True
cross_subject,lee2019_mi,grow_eegnex,growing,roc_auc,108,100,0.5,0.596,0.8638066666666667,0.1061250042678026,0.0360079567505296,0.0998295726801087,0.1151228453958307,0.9814814814814816,9.342507312060108e-20,True,42374.0,55058.0,8.0,1.0,4470644.0,85.0,True
cross_subject,lee2019_mi,grow_sccnet,growing,roc_auc,108,100,0.5,0.596,0.8477496296296296,0.101691289382671,0.0380978850620915,0.0942850438304284,0.1403570483385682,0.9907407407407408,9.342959085577616e-20,True,3702.0,13872.0,22.0,0.9037037037037037,721457.5,67.5,True
cross_subject,lee2019_mi,grow_shallow,growing,roc_auc,108,100,0.5,0.596,0.8256937037037037,0.1136468270160996,0.0402629183249397,0.1062755790329392,0.1255150693752123,0.9722222222222222,9.342507312060108e-20,True,25010.0,50070.0,18.0,0.0,1839410.0,49.5,True
cross_subject,physionetmi,bd_deep4,braindecode,roc_auc,109,45,0.5,0.6462450592885376,0.8551720622385321,0.1057367493783845,0.0555097912985047,0.0899940177962055,0.275605118610543,0.9541284403669724,6.392861840407301e-20,True,305127.0,305127.0,,0.0,28987065.0,95.0,True
cross_subject,physionetmi,bd_eegnex,braindecode,roc_auc,109,45,0.5,0.6462450592885376,0.8313785830275228,0.1220869459351759,0.0591714151126611,0.1067893534082106,0.2349013171385973,0.9174311926605504,6.757211882150093e-20,True,58514.0,58514.0,,0.0,2925700.0,50.0,True
cross_subject,physionetmi,bd_sccnet,braindecode,roc_auc,109,45,0.5,0.6462450592885376,0.8368735974495414,0.1094804010746071,0.0585542910161832,0.0925059631756189,0.2860518060910819,0.9541284403669724,6.392861840407301e-20,True,13516.0,13516.0,,0.0,635252.0,47.0,True
cross_subject,physionetmi,bd_shallow,braindecode,roc_auc,109,45,0.5,0.6462450592885376,0.8564266302385319,0.1056626483905063,0.0553535607683432,0.090003214249054,0.2744404626443272,0.9541284403669724,6.392861840407301e-20,True,107042.0,107042.0,,0.0,5994352.0,56.0,True
cross_subject,physionetmi,fix_deepeeg,fixed control,roc_auc,109,45,0.5,0.6462450592885376,0.7667153794495413,0.1113825894299556,0.0681768111968733,0.0880795302164353,0.3746612245644391,0.8440366972477065,6.572230509508983e-20,True,10642.0,10642.0,32.0,1.0,468248.0,44.0,True
cross_subject,physionetmi,grow_deep,growing,roc_auc,109,45,0.5,0.6462450592885376,0.7662130854495411,0.1178486852455077,0.0679972666838002,0.0962532302711285,0.3329150491453868,0.8256880733944955,7.14206927298942e-20,True,6802.0,10642.0,32.0,0.9944954128440368,482898.0,49.0,True
cross_subject,physionetmi,grow_eegnex,growing,roc_auc,109,45,0.5,0.6462450592885376,0.8277705068440366,0.1205731146003065,0.0597946260680206,0.1047018560380102,0.2459367046028716,0.9357798165137616,6.392861840407301e-20,True,42470.0,55154.0,8.0,1.0,2879338.0,56.0,True
cross_subject,physionetmi,grow_sccnet,growing,roc_auc,109,45,0.5,0.6462450592885376,0.8432429302201836,0.1081985457094018,0.0574821996425879,0.0916663625212606,0.2822434749411414,0.9541284403669724,6.392861840407301e-20,True,3310.0,13516.0,22.0,0.9357798165137615,633397.0,62.0,True
cross_subject,physionetmi,grow_shallow,growing,roc_auc,109,45,0.5,0.6462450592885376,0.8613188538165139,0.1035899972146884,0.0545058036562992,0.0880908899416967,0.2768533940802435,0.963302752293578,6.392861840407301e-20,True,24290.0,50150.0,18.0,0.0,1965456.0,52.0,True
cross_subject,schirrmeister2017,bd_deep4,braindecode,accuracy,14,1040,0.25,0.2854166666666666,0.5905343362857144,0.1444503931922226,0.0154230454444728,0.1436246697562972,0.0113999466746468,1.0,6.103515625e-05,True,349129.0,349129.0,,0.0,34214642.0,98.0,True
cross_subject,schirrmeister2017,bd_eegnex,braindecode,accuracy,14,1040,0.25,0.2854166666666666,0.54931191,0.1401190256910041,0.0156742120315553,0.1392395792789755,0.0125134544496451,0.9285714285714286,6.103515625e-05,True,63236.0,63236.0,,0.0,5090498.0,80.5,True
cross_subject,schirrmeister2017,bd_sccnet,braindecode,accuracy,14,1040,0.25,0.2854166666666666,0.574748856,0.1524971211460385,0.0154186616644666,0.1517156446458513,0.0102228047762208,1.0,6.103515625e-05,True,16726.0,16726.0,,0.0,1237724.0,74.0,True
cross_subject,schirrmeister2017,bd_shallow,braindecode,accuracy,14,1040,0.25,0.2854166666666666,0.5489496982857143,0.137689172531638,0.0157208976622674,0.1367887481086792,0.0130363226653575,1.0,6.103515625e-05,True,215684.0,215684.0,,0.0,16176300.0,75.0,True
cross_subject,schirrmeister2017,fix_deepeeg,fixed control,accuracy,14,1040,0.25,0.2854166666666666,0.5222658277142858,0.1338682295965629,0.0157892743642978,0.132933824553298,0.0139113508218588,1.0,6.103515625e-05,True,16820.0,16820.0,32.0,1.0,765310.0,45.5,True
cross_subject,schirrmeister2017,grow_deep,growing,accuracy,14,1040,0.25,0.2854166666666666,0.5411435377142858,0.1226313165124746,0.0158510390133665,0.121602567208836,0.0167075468811142,1.0,6.103515625e-05,True,12980.0,16820.0,32.0,1.0,802440.0,50.0,True
cross_subject,schirrmeister2017,grow_eegnex,growing,accuracy,14,1040,0.25,0.2854166666666666,0.5133668997142856,0.1204595177398912,0.0159194531739501,0.119402958191033,0.017465219630672,1.0,6.103515625e-05,True,46724.0,59408.0,8.0,1.0,5909738.0,103.0,True
cross_subject,schirrmeister2017,grow_sccnet,growing,accuracy,14,1040,0.25,0.2854166666666666,0.5806291554285714,0.153546714188821,0.0153533729803234,0.1527771821192895,0.0099983088095821,1.0,6.103515625e-05,True,5368.0,16726.0,22.0,1.0,1301486.5,81.0,True
cross_subject,schirrmeister2017,grow_shallow,growing,accuracy,14,1040,0.25,0.2854166666666666,0.5615068852857142,0.1328849184915981,0.0156818327614551,0.1319563628013458,0.013926508460439,1.0,6.103515625e-05,True,51012.0,117910.0,21.0,0.0,5684393.0,67.5,True
cross_subject,shin2017a,bd_deep4,braindecode,roc_auc,87,20,0.5,0.73,0.7074712643678162,0.1481173198641253,0.105091381631701,0.1043769224995247,0.5034107824734032,0.4367816091954023,8.229436774899391e-15,True,292677.0,292677.0,,0.0,21658098.0,74.0,False
cross_subject,shin2017a,bd_eegnex,braindecode,roc_auc,87,20,0.5,0.73,0.7750344827586206,0.15375119196179,0.0985912928799798,0.1179795999227206,0.4111877245235296,0.6206896551724138,1.3058599702656206e-15,True,57218.0,57218.0,,0.0,2860900.0,50.0,True
cross_subject,shin2017a,bd_sccnet,braindecode,roc_auc,87,20,0.5,0.73,0.755264367816092,0.15776700953298,0.1010602757619064,0.1211497006183129,0.4103255598854616,0.5632183908045977,1.2608505084236649e-15,True,15568.0,15568.0,,0.0,638288.0,41.0,True
cross_subject,shin2017a,bd_shallow,braindecode,roc_auc,87,20,0.5,0.73,0.7343448275862068,0.159006569089559,0.104984487635798,0.1194208791186938,0.4359333876571834,0.4712643678160919,6.937095492758278e-16,True,62002.0,62002.0,,0.0,3038098.0,49.0,True
cross_subject,shin2017a,fix_deepeeg,fixed control,roc_auc,87,20,0.5,0.73,0.567471264367816,0.0920113540870958,0.1233295606969369,0.0,1.0,0.057471264367816,9.112972181383526e-09,True,11586.0,11586.0,32.0,1.0,544542.0,47.0,False
cross_subject,shin2017a,grow_deep,growing,roc_auc,87,20,0.5,0.73,0.5601379310344827,0.0829798479898209,0.1244836273115996,0.0,1.0,0.0344827586206896,9.84812748965586e-09,True,7746.0,11586.0,32.0,0.5448275862068965,514980.0,50.0,False
cross_subject,shin2017a,grow_eegnex,growing,roc_auc,87,20,0.5,0.73,0.7751724137931034,0.1607212093568522,0.0980004197138444,0.1273861251198082,0.3718000878974129,0.632183908045977,1.3691586369101265e-15,True,40514.0,53198.0,8.0,1.0,2716604.0,55.0,True
cross_subject,shin2017a,grow_sccnet,growing,roc_auc,87,20,0.5,0.73,0.7411954022988505,0.1579804108463245,0.103828486639145,0.1190691209902818,0.4319431290870544,0.4482758620689655,1.0997810515632155e-15,True,5974.0,15568.0,22.0,0.7379310344827587,631736.0,54.0,True
cross_subject,shin2017a,grow_shallow,growing,roc_auc,87,20,0.5,0.73,0.7395747126436782,0.1540562138556337,0.104408335418761,0.1132793737739409,0.4593163480802232,0.4597701149425287,3.8584994215122483e-16,True,22770.0,33804.0,17.0,0.0,1391580.0,49.0,True
cross_subject,weibo2014,bd_deep4,braindecode,roc_auc,10,160,0.5,0.57546875,0.7422202806,0.1454953607693346,0.0365539153195849,0.1408286592999005,0.0631203664267208,1.0,0.0009765625,True,303827.0,303827.0,,0.0,30382700.0,100.0,True
cross_subject,weibo2014,bd_eegnex,braindecode,roc_auc,10,160,0.5,0.57546875,0.7439911036,0.1608439297680931,0.0364929639578364,0.1566493961840112,0.0514764899399936,0.9,0.0009765625,True,58386.0,58386.0,,0.0,3999441.0,68.5,True
cross_subject,weibo2014,bd_sccnet,braindecode,roc_auc,10,160,0.5,0.57546875,0.7335614766,0.1552629659091321,0.0373325089151549,0.1507079041092411,0.0578147429325082,0.8,0.0009765625,True,13828.0,13828.0,,0.0,933390.0,67.5,True
cross_subject,weibo2014,bd_shallow,braindecode,roc_auc,10,160,0.5,0.57546875,0.700755772,0.1494229433868483,0.039270818095333,0.1441701038929796,0.0690725235586525,0.8,0.0009765625,True,102002.0,102002.0,,0.0,6783133.0,66.5,True
cross_subject,weibo2014,fix_deepeeg,fixed control,roc_auc,10,160,0.5,0.57546875,0.585689096,0.0641807008473153,0.0443868057474261,0.0463570257543862,0.4782983411852305,0.6,0.0029296875,True,10834.0,10834.0,32.0,1.0,595870.0,55.0,True
cross_subject,weibo2014,grow_deep,growing,roc_auc,10,160,0.5,0.57546875,0.6065004158,0.0919246378839467,0.0436218546015681,0.0809152201456215,0.2251875605359437,0.6,0.0009765625,True,6994.0,10834.0,32.0,1.0,575161.0,56.5,True
cross_subject,weibo2014,grow_eegnex,growing,roc_auc,10,160,0.5,0.57546875,0.7483103024,0.1711912234903048,0.0359351118923423,0.1673771272707006,0.0440630962691446,0.9,0.001953125,True,42246.0,54930.0,8.0,1.0,3855534.0,74.0,True
cross_subject,weibo2014,grow_sccnet,growing,roc_auc,10,160,0.5,0.57546875,0.7467301642,0.1522790515466819,0.0366069017797809,0.1478135456649439,0.0577890588432135,0.9,0.0009765625,True,3694.0,13828.0,22.0,1.0,804922.5,64.0,True
cross_subject,weibo2014,grow_shallow,growing,roc_auc,10,160,0.5,0.57546875,0.7101886456,0.1533491502352348,0.0386260392125987,0.1484048212579881,0.0634450299333638,0.7,0.0009765625,True,24370.0,53482.0,20.0,0.0,2398856.0,62.0,True
cross_subject,zhou2016,bd_deep4,braindecode,accuracy,12,150,0.3333333333333333,0.3966480446927374,0.7300050578333334,0.0750665033636647,0.0354584426617802,0.0661640292851662,0.2231243362410692,1.0,0.000244140625,True,278878.0,278878.0,,0.0,19939777.0,71.5,True
cross_subject,zhou2016,bd_eegnex,braindecode,accuracy,12,150,0.3333333333333333,0.3966480446927374,0.7642570298333333,0.0685814469398814,0.034127072743149,0.0594874589333885,0.2476194695984441,1.0,0.000244140625,True,55883.0,55883.0,,0.0,3269155.5,58.5,True
cross_subject,zhou2016,bd_sccnet,braindecode,accuracy,12,150,0.3333333333333333,0.3966480446927374,0.7798486546666666,0.0618691764957629,0.033364135606459,0.0521021060562592,0.2908111705797858,1.0,0.000244140625,True,14117.0,14117.0,,0.0,705850.0,50.0,True
cross_subject,zhou2016,bd_shallow,braindecode,accuracy,12,150,0.3333333333333333,0.3966480446927374,0.7487701696666665,0.0721719725289579,0.03476892031033,0.0632448875338914,0.2320840309743345,1.0,0.000244140625,True,32763.0,32763.0,,0.0,1736439.0,53.0,True
cross_subject,zhou2016,fix_deepeeg,fixed control,accuracy,12,150,0.3333333333333333,0.3966480446927374,0.7338889843333333,0.0668857331516135,0.0353949154930619,0.0567529845600023,0.2800365869256722,1.0,0.000244140625,True,9379.0,9379.0,32.0,1.0,468950.0,50.0,True
cross_subject,zhou2016,grow_deep,growing,accuracy,12,150,0.3333333333333333,0.3966480446927374,0.7536289586666666,0.0552694565040669,0.0347468354213154,0.0429810452462357,0.3952393046573648,1.0,0.000244140625,True,5539.0,9379.0,32.0,1.0,480774.5,55.5,True
cross_subject,zhou2016,grow_eegnex,growing,accuracy,12,150,0.3333333333333333,0.3966480446927374,0.7574795713333332,0.0573112608066568,0.0345961082235796,0.0456912454528326,0.3643968117759327,1.0,0.000244140625,True,39413.0,52097.0,8.0,1.0,3333310.0,68.0,True
cross_subject,zhou2016,grow_sccnet,growing,accuracy,12,150,0.3333333333333333,0.3966480446927374,0.7802102068333334,0.0475193770391408,0.033414666200345,0.0337868506509195,0.4944618357993173,1.0,0.000244140625,True,4811.0,13083.0,20.0,0.3,578819.0,58.5,True
cross_subject,zhou2016,grow_shallow,growing,accuracy,12,150,0.3333333333333333,0.3966480446927374,0.7553596061666666,0.0590391169314385,0.0344893260120903,0.0479176764803535,0.3412633966436402,1.0,0.000244140625,True,14011.0,21922.0,21.5,0.0,1084090.0,61.0,True
within_session,alexmi,bd_deep4,braindecode,accuracy,8,60,0.3333333333333333,0.45,0.35291666875,0.0362284404294801,0.0613282971736706,0.0,1.0,0.0,0.09765625,False,275928.0,275928.0,,0.0,8277840.0,30.0,False
within_session,alexmi,bd_eegnex,braindecode,accuracy,8,60,0.3333333333333333,0.45,0.38625,0.051745331168887,0.062172038160029,0.0,1.0,0.125,0.01171875,True,55627.0,55627.0,,0.0,1390675.0,25.0,False
within_session,alexmi,bd_sccnet,braindecode,accuracy,8,60,0.3333333333333333,0.45,0.4945833325,0.1245173212882194,0.0624072020907314,0.1077492664847434,0.2511943611203828,0.5,0.00390625,True,12961.0,12961.0,,0.0,349947.0,27.0,True
within_session,alexmi,bd_shallow,braindecode,accuracy,8,60,0.3333333333333333,0.45,0.449583335,0.0958907687018007,0.0629543558909125,0.0723311039358765,0.431020542767807,0.5,0.0078125,True,32003.0,32003.0,,0.0,768072.0,24.0,False
within_session,alexmi,fix_deepeeg,fixed control,accuracy,8,60,0.3333333333333333,0.45,0.3516666675,0.0634460131310253,0.0608567119274191,0.0179403789147652,0.9200433574602804,0.125,0.19140625,False,8163.0,8163.0,32.0,1.0,187749.0,23.0,False
within_session,alexmi,grow_deep,growing,accuracy,8,60,0.3333333333333333,0.45,0.35125000225,0.0615394429452841,0.0606711399997927,0.0103012527947537,0.971979687883798,0.0,0.23046875,False,4323.0,8163.0,32.0,0.96,185041.0,27.0,False
within_session,alexmi,grow_eegnex,growing,accuracy,8,60,0.3333333333333333,0.45,0.3512500012499999,0.0263636059673782,0.0613266761388174,0.0,1.0,0.0,0.0546875,False,39445.0,47901.0,6.0,0.245,908677.0,21.0,False
within_session,alexmi,grow_sccnet,growing,accuracy,8,60,0.3333333333333333,0.45,0.3525000015,0.0275882413242505,0.0614120485260536,0.0,1.0,0.0,0.0546875,False,3619.0,10885.0,18.0,0.1,200531.0,23.0,False
within_session,alexmi,grow_shallow,growing,accuracy,8,60,0.3333333333333333,0.45,0.44499999775,0.1095734842809168,0.0625570977581308,0.0899608691462015,0.3259434368230998,0.5,0.01171875,True,10691.0,14021.0,13.0,0.0,303905.0,25.0,False
within_session,bnci2014_001,bd_deep4,braindecode,accuracy,18,288,0.25,0.2951388888888889,0.2720024201111111,0.0269234683907234,0.0261506618025224,0.0064043764315021,0.9434162550153236,0.1666666666666666,0.0004196166992187,True,282879.0,282879.0,,0.0,7637733.0,27.0,False
within_session,bnci2014_001,bd_eegnex,braindecode,accuracy,18,288,0.25,0.2951388888888889,0.5541695223333334,0.1871634610327601,0.0271319260349371,0.1851864458738712,0.0210145025397455,0.8333333333333334,3.814697265625e-06,True,56452.0,56452.0,,0.0,3556476.0,63.0,True
within_session,bnci2014_001,bd_sccnet,braindecode,accuracy,18,288,0.25,0.2951388888888889,0.6386677392222222,0.1664956966043937,0.0266099139340127,0.1643554972253948,0.0255435299719935,1.0,3.814697265625e-06,True,14394.0,14394.0,,0.0,834852.0,58.0,True
within_session,bnci2014_001,bd_shallow,braindecode,accuracy,18,288,0.25,0.2951388888888889,0.5292229623333333,0.1562149937236062,0.0279815396154296,0.1536885086947507,0.0320846851729875,0.8888888888888888,3.814697265625e-06,True,46084.0,46084.0,,0.0,2212032.0,48.0,True
within_session,bnci2014_001,fix_deepeeg,fixed control,accuracy,18,288,0.25,0.2951388888888889,0.3974410157777778,0.1093276288366917,0.0280862426180052,0.1056583806550903,0.065997491427589,0.7222222222222222,3.814697265625e-06,True,10036.0,10036.0,32.0,1.0,431548.0,43.0,True
within_session,bnci2014_001,grow_deep,growing,accuracy,18,288,0.25,0.2951388888888889,0.3978013076666667,0.1093686821384009,0.0280860166766776,0.1057009191063539,0.0659468932377618,0.6666666666666666,7.62939453125e-06,True,6196.0,10036.0,32.0,1.0,411642.0,44.5,True
within_session,bnci2014_001,grow_eegnex,growing,accuracy,18,288,0.25,0.2951388888888889,0.4564468637777777,0.1282321042956878,0.0283083868334902,0.1250684125068581,0.0487345213488668,0.8333333333333334,7.62939453125e-06,True,39940.0,52624.0,8.0,0.8044444444444444,2527162.0,52.0,True
within_session,bnci2014_001,grow_sccnet,growing,accuracy,18,288,0.25,0.2951388888888889,0.6230879865555556,0.1754060329176415,0.0266113571640285,0.173375638582222,0.0230168026989205,1.0,3.814697265625e-06,True,4944.0,14394.0,22.0,0.9977777777777778,879391.5,66.0,True
within_session,bnci2014_001,grow_shallow,growing,accuracy,18,288,0.25,0.2951388888888889,0.5454305296666666,0.1647037778291405,0.027754605671174,0.1623484410003019,0.028396381440141,0.8888888888888888,3.814697265625e-06,True,17092.0,27964.0,20.0,0.011111111111111112,1153336.0,52.0,True
within_session,bnci2014_002,bd_deep4,braindecode,accuracy,14,160,0.5,0.56875,0.7026450941428571,0.1653666952200986,0.0337302981996315,0.1618901197460206,0.0416048793312544,0.5714285714285714,6.103515625e-05,True,276902.0,276902.0,,0.0,8030158.0,29.0,True
within_session,bnci2014_002,bd_eegnex,braindecode,accuracy,14,160,0.5,0.56875,0.7471930784285714,0.1790976174640891,0.0313546318340643,0.1763316297317741,0.0306495282520261,0.8571428571428571,0.0001220703125,True,55634.0,55634.0,,0.0,1335216.0,24.0,True
within_session,bnci2014_002,bd_sccnet,braindecode,accuracy,14,160,0.5,0.56875,0.8114508934285716,0.1543022300254193,0.0284785157090435,0.1516514171837084,0.0340635804600359,0.9285714285714286,6.103515625e-05,True,13238.0,13238.0,,0.0,529520.0,40.0,True
within_session,bnci2014_002,bd_shallow,braindecode,accuracy,14,160,0.5,0.56875,0.7414843705714287,0.1590349518227428,0.0323541440494753,0.1557091046281107,0.0413880215186727,0.7857142857142857,6.103515625e-05,True,31282.0,31282.0,,0.0,1157434.0,37.0,True
within_session,bnci2014_002,fix_deepeeg,fixed control,accuracy,14,160,0.5,0.56875,0.6490959808571428,0.1464275757073767,0.0358219525203666,0.1419782470844323,0.0598484302044211,0.5,0.0001220703125,True,8402.0,8402.0,32.0,1.0,247859.0,29.5,True
within_session,bnci2014_002,grow_deep,growing,accuracy,14,160,0.5,0.56875,0.6495535712857142,0.1568583486702854,0.0354716330455199,0.1527949763462556,0.0511383944497981,0.5714285714285714,0.0008544921875,True,4562.0,8402.0,32.0,0.7657142857142857,249108.0,34.0,True
within_session,bnci2014_002,grow_eegnex,growing,accuracy,14,160,0.5,0.56875,0.7007812468571428,0.1603049782789345,0.0337113572143251,0.1567202298868203,0.04422404424016,0.8571428571428571,0.00018310546875,True,39398.0,47854.0,6.0,0.2857142857142857,907690.0,21.0,True
within_session,bnci2014_002,grow_sccnet,growing,accuracy,14,160,0.5,0.56875,0.7357812502857143,0.1490329642704285,0.0327779266257874,0.1453837403747245,0.0483724715768684,0.7857142857142857,6.103515625e-05,True,3914.0,11166.0,18.0,0.23714285714285716,279266.0,32.0,True
within_session,bnci2014_002,grow_shallow,growing,accuracy,14,160,0.5,0.56875,0.7506473168571429,0.1625397467659625,0.0318024687595297,0.1593981563868991,0.038282695739969,0.7857142857142857,6.103515625e-05,True,11250.0,15632.0,15.0,0.0,463862.0,34.5,True
within_session,bnci2014_004,bd_deep4,braindecode,roc_auc,41,160,0.5,0.57546875,0.7387156410731708,0.1799406237018547,0.0387448182921103,0.1757198540681269,0.0463627100502763,0.6829268292682927,1.687112671788782e-10,True,269002.0,269002.0,,0.0,7532056.0,28.0,True
within_session,bnci2014_004,bd_eegnex,braindecode,roc_auc,41,160,0.5,0.57546875,0.7782893039024391,0.1796845595400991,0.0361906054197763,0.1760022187828025,0.0405667464718752,0.7560975609756098,4.547473508864641e-12,True,54802.0,54802.0,,0.0,1698862.0,31.0,True
within_session,bnci2014_004,bd_sccnet,braindecode,roc_auc,41,160,0.5,0.57546875,0.8218550020487804,0.1759227857860654,0.033039330417931,0.172792445449055,0.0352710417758088,0.8292682926829268,9.094947017729282e-13,True,12774.0,12774.0,,0.0,447090.0,35.0,True
within_session,bnci2014_004,bd_shallow,braindecode,roc_auc,41,160,0.5,0.57546875,0.7862694868292683,0.1822849459675944,0.0355979113786378,0.1787752506134097,0.0381370790816299,0.7317073170731707,6.366462912410498e-12,True,11442.0,11442.0,,0.0,411912.0,36.0,True
within_session,bnci2014_004,fix_deepeeg,fixed control,roc_auc,41,160,0.5,0.57546875,0.6886641273658537,0.1677247159251992,0.0417254690846089,0.1624517330220213,0.0618882675545444,0.6097560975609756,9.094947017729282e-13,True,7410.0,7410.0,32.0,1.0,244530.0,33.0,True
within_session,bnci2014_004,grow_deep,growing,roc_auc,41,160,0.5,0.57546875,0.6987791366829268,0.1745214887019227,0.0410064973832567,0.1696355422400987,0.0552087014506549,0.6341463414634146,9.413270163349807e-11,True,3570.0,7410.0,32.0,0.7053658536585365,254050.0,40.0,True
within_session,bnci2014_004,grow_eegnex,growing,roc_auc,41,160,0.5,0.57546875,0.7253563498536586,0.1683257167202219,0.0397139813601749,0.1635736732909672,0.0556654738822826,0.7073170731707317,6.366462912410498e-12,True,38614.0,49184.0,7.0,0.4351219512195122,1081620.0,25.0,True
within_session,bnci2014_004,grow_sccnet,growing,roc_auc,41,160,0.5,0.57546875,0.6730549176097561,0.1251679034666347,0.0432232844041065,0.1174680881923022,0.1192475796734436,0.7073170731707317,6.230038707144557e-11,True,3666.0,6196.0,9.0,0.0,138068.0,28.0,True
within_session,bnci2014_004,grow_shallow,growing,roc_auc,41,160,0.5,0.57546875,0.7874437978536585,0.1833097777905975,0.0354791620917117,0.1798435533760059,0.0374606619439226,0.7560975609756098,1.9554136088117957e-11,True,6770.0,7792.0,15.0,0.007804878048780488,261094.0,36.0,True
within_session,bnci2015_001,bd_deep4,braindecode,accuracy,28,200,0.5,0.565,0.7402535714285713,0.1773848796891325,0.0283762455650302,0.1751004975148875,0.0255903763003299,0.8214285714285714,7.078051567077638e-08,True,275652.0,275652.0,,0.0,7166952.0,26.0,True
within_session,bnci2015_001,bd_eegnex,braindecode,accuracy,28,200,0.5,0.565,0.877525,0.1417086124176415,0.0208519475533502,0.1401660697764108,0.0216521365230401,0.9642857142857144,3.725290298461914e-09,True,55506.0,55506.0,,0.0,2941818.0,53.0,True
within_session,bnci2015_001,bd_sccnet,braindecode,accuracy,28,200,0.5,0.565,0.8938392857142857,0.1118435128312494,0.0202687625147047,0.1099915843533329,0.0328422475337385,1.0,3.725290298461914e-09,True,13194.0,13194.0,,0.0,507969.0,38.5,True
within_session,bnci2015_001,bd_shallow,braindecode,accuracy,28,200,0.5,0.565,0.8196321428571427,0.1519966058431262,0.0249649650380885,0.1499323804535821,0.026977030582645,0.9285714285714286,3.725290298461914e-09,True,28082.0,28082.0,,0.0,1095198.0,39.0,True
within_session,bnci2015_001,fix_deepeeg,fixed control,accuracy,28,200,0.5,0.565,0.7012875000000002,0.1745453499518529,0.0298394286093706,0.1719758346107995,0.0292256674771395,0.75,1.862645149230957e-08,True,8274.0,8274.0,32.0,1.0,297864.0,36.0,True
within_session,bnci2015_001,grow_deep,growing,accuracy,28,200,0.5,0.565,0.7031,0.1746455818486664,0.029695695128225,0.1721024257531275,0.028911577247903,0.7142857142857143,3.725290298461914e-09,True,4434.0,8274.0,32.0,0.8057142857142857,302274.0,41.0,True
within_session,bnci2015_001,grow_eegnex,growing,accuracy,28,200,0.5,0.565,0.8434839285714285,0.1499306735187049,0.0231721873986242,0.1481291888620724,0.0238865308789021,1.0,3.725290298461914e-09,True,39270.0,51954.0,8.0,0.7671428571428571,2440368.0,51.0,True
within_session,bnci2015_001,grow_sccnet,growing,accuracy,28,200,0.5,0.565,0.8514178571428571,0.1422540484448221,0.0228464018917033,0.1404074649708646,0.0257932670452359,0.9642857142857144,3.725290298461914e-09,True,3906.0,11130.0,18.0,0.25285714285714284,413202.0,49.0,True
within_session,bnci2015_001,grow_shallow,growing,accuracy,28,200,0.5,0.565,0.8320428571428572,0.1513455805826677,0.0241703380403686,0.1494030773475536,0.0255050372021512,0.9285714285714286,3.725290298461914e-09,True,10610.0,14978.0,16.0,0.0,520732.0,41.0,True
within_session,cho2017,bd_deep4,braindecode,roc_auc,52,200,0.5,0.5673685359734585,0.611554968076923,0.1122836750731675,0.0382397140643877,0.1055715300457965,0.1159834531804184,0.6153846153846154,5.646605998034201e-09,True,305127.0,305127.0,,0.0,8543556.0,28.0,True
within_session,cho2017,bd_eegnex,braindecode,roc_auc,52,200,0.5,0.5673685359734585,0.7344448183846153,0.151816539564846,0.032922220809573,0.1482038766780753,0.0470262199304502,0.7884615384615384,2.2126358801624931e-10,True,58514.0,58514.0,,0.0,2691644.0,46.0,True
within_session,cho2017,bd_sccnet,braindecode,roc_auc,52,200,0.5,0.5673685359734585,0.7384611643076925,0.1389016544767613,0.0331447050801992,0.1348892069126667,0.0569394779062985,0.9230769230769232,1.7519324821041314e-10,True,13516.0,13516.0,,0.0,473060.0,35.0,True
within_session,cho2017,bd_shallow,braindecode,roc_auc,52,200,0.5,0.5673685359734585,0.6984463677307692,0.1337719449341619,0.0350708423330459,0.1290928707153074,0.0687325269485673,0.8461538461538461,2.2126358801624931e-10,True,107042.0,107042.0,,0.0,3532386.0,33.0,True
within_session,cho2017,fix_deepeeg,fixed control,roc_auc,52,200,0.5,0.5673685359734585,0.571327457576923,0.0823266449041889,0.0393762449364811,0.0722992931907543,0.228764042393921,0.3846153846153846,2.3252789497141245e-08,True,10642.0,10642.0,32.0,1.0,297976.0,28.0,True
within_session,cho2017,grow_deep,growing,roc_auc,52,200,0.5,0.5673685359734585,0.5800057154615385,0.0980181316252005,0.0390006905765138,0.089924970179868,0.1583185319897028,0.3846153846153846,7.413662280015277e-08,True,6802.0,10642.0,32.0,0.5884615384615385,277340.0,30.0,True
within_session,cho2017,grow_eegnex,growing,roc_auc,52,200,0.5,0.5673685359734585,0.6943004274230771,0.1449722367577287,0.034816135203076,0.1407294786463024,0.0576755096873155,0.6923076923076923,3.8315307513529264e-10,True,42470.0,55154.0,8.0,0.7930769230769231,2327798.0,46.0,True
within_session,cho2017,grow_sccnet,growing,roc_auc,52,200,0.5,0.5673685359734585,0.7530950855384615,0.1394549096374161,0.032367218860676,0.1356467285458996,0.0538695256874326,0.9230769230769232,1.7519324821041314e-10,True,3310.0,13516.0,22.0,1.0,485641.0,40.0,True
within_session,cho2017,grow_shallow,growing,roc_auc,52,200,0.5,0.5673685359734585,0.7216811430384618,0.1424549852874032,0.0338797145049204,0.1383675821075853,0.0565619247362805,0.8653846153846154,2.0874430052431047e-10,True,24290.0,42392.0,15.0,0.0,1266958.0,38.0,True
within_session,lee2019_mi,bd_deep4,braindecode,roc_auc,108,100,0.5,0.596,0.5786777777777777,0.1156526343755568,0.0551640054732338,0.1016487301354781,0.2275100187944805,0.324074074074074,1.3496549080101549e-11,True,305077.0,305077.0,,0.0,9152310.0,30.0,False
within_session,lee2019_mi,bd_eegnex,braindecode,roc_auc,108,100,0.5,0.596,0.6488629629629629,0.1430972237252273,0.0519613857071315,0.1333297784940126,0.131855737665741,0.5370370370370371,9.50617286093014e-18,True,58514.0,58514.0,,0.0,1579878.0,27.0,True
within_session,lee2019_mi,bd_sccnet,braindecode,roc_auc,108,100,0.5,0.596,0.6996259259259259,0.14635535066187,0.0494088150836677,0.137763048962292,0.1139702939582586,0.7314814814814815,3.260278122606626e-19,True,13872.0,13872.0,,0.0,402288.0,29.0,True
within_session,lee2019_mi,bd_shallow,braindecode,roc_auc,108,100,0.5,0.596,0.6465703703703702,0.1278976016079183,0.0526700830385021,0.1165489547348027,0.169591157817722,0.6111111111111112,1.331457389680218e-18,True,105202.0,105202.0,,0.0,2735252.0,26.0,True
within_session,lee2019_mi,fix_deepeeg,fixed control,roc_auc,108,100,0.5,0.596,0.5465148148148148,0.0800654134609674,0.0565314783499433,0.056697992806144,0.4985294102817052,0.1759259259259259,9.767425748364474e-10,True,10962.0,10962.0,32.0,1.0,274050.0,25.0,False
within_session,lee2019_mi,grow_deep,growing,roc_auc,108,100,0.5,0.596,0.5514796296296297,0.0904038248294107,0.0562074485726122,0.0708065976357001,0.3865575262338656,0.2037037037037037,5.583030518288592e-09,True,7122.0,10802.0,31.0,0.36592592592592593,242292.0,26.0,False
within_session,lee2019_mi,grow_eegnex,growing,roc_auc,108,100,0.5,0.596,0.6102518518518517,0.1139445556937212,0.0541731960066597,0.100242838181406,0.226038156916408,0.4259259259259259,1.1388550769611469e-17,True,42374.0,50830.0,6.0,0.3603703703703704,970186.0,21.0,True
within_session,lee2019_mi,grow_sccnet,growing,roc_auc,108,100,0.5,0.596,0.6812481481481482,0.1453220178604855,0.050315711076196,0.1363334811920389,0.1198793529254374,0.6851851851851852,4.292204419395422e-19,True,3702.0,13872.0,22.0,1.0,325389.0,27.0,True
within_session,lee2019_mi,grow_shallow,growing,roc_auc,108,100,0.5,0.596,0.6772592592592592,0.145410062152339,0.0506721918049838,0.1362953232977054,0.1214368405922941,0.6851851851851852,1.147065075649864e-18,True,25010.0,37540.0,13.0,0.0,913240.0,29.0,True
within_session,physionetmi,bd_deep4,braindecode,roc_auc,109,45,0.5,0.6462450592885376,0.5265122328623854,0.1005273486519977,0.0840735014103544,0.0551125592547055,0.6994389490416347,0.1376146788990825,0.0186503730362741,True,305127.0,305127.0,,0.0,8238429.0,27.0,False
within_session,physionetmi,bd_eegnex,braindecode,roc_auc,109,45,0.5,0.6462450592885376,0.5522023449724771,0.1158009764323594,0.0829320018647586,0.0808217124873727,0.5128848312215716,0.1834862385321101,7.585460292287297e-05,True,58514.0,58514.0,,0.0,1228794.0,21.0,False
within_session,physionetmi,bd_sccnet,braindecode,roc_auc,109,45,0.5,0.6462450592885376,0.6059143733944955,0.1379712430822302,0.0799916413592337,0.1124161964768048,0.3361337046893158,0.3394495412844037,1.8044840919870836e-11,True,13516.0,13516.0,,0.0,324384.0,24.0,False
within_session,physionetmi,bd_shallow,braindecode,roc_auc,109,45,0.5,0.6462450592885376,0.5696574925137614,0.1157180772162432,0.0824356621180501,0.0812098208702808,0.5074904143035395,0.2385321100917431,4.6673643952565815e-08,True,107042.0,107042.0,,0.0,2569008.0,24.0,False
within_session,physionetmi,fix_deepeeg,fixed control,roc_auc,109,45,0.5,0.6462450592885376,0.5033985733944953,0.0614436767803897,0.0853011750949279,0.0,1.0,0.0275229357798165,0.4451443406581209,False,10642.0,10642.0,32.0,1.0,244766.0,23.0,False
within_session,physionetmi,grow_deep,growing,roc_auc,109,45,0.5,0.6462450592885376,0.5108389402752294,0.0627308105071507,0.0851049775623269,0.0,1.0,0.0091743119266055,0.0513143701307845,False,6802.0,10642.0,32.0,0.5277064220183486,209406.0,23.0,False
within_session,physionetmi,grow_eegnex,growing,roc_auc,109,45,0.5,0.6462450592885376,0.526449541559633,0.0891585482829961,0.0843094625424282,0.0290027801725669,0.8941835263007528,0.091743119266055,0.0049924926594531,True,42470.0,50926.0,6.0,0.23339449541284404,972202.0,21.0,False
within_session,physionetmi,grow_sccnet,growing,roc_auc,109,45,0.5,0.6462450592885376,0.5907431191926606,0.1278443804060623,0.0809828190744005,0.0989240547903941,0.4012568839570277,0.2752293577981651,1.0522259571498667e-10,True,3310.0,13516.0,22.0,1.0,280725.0,24.0,False
within_session,physionetmi,grow_shallow,growing,roc_auc,109,45,0.5,0.6462450592885376,0.5913950054678899,0.1305044378816967,0.0810697549319662,0.1022697567323232,0.3858932301034782,0.2935779816513761,4.001800627363843e-10,True,24290.0,37220.0,13.0,0.0,786700.0,26.0,False
within_session,schirrmeister2017,bd_deep4,braindecode,accuracy,14,1040,0.25,0.2854166666666666,0.6715367877142856,0.1568536684441075,0.0147594387049756,0.1561577160228981,0.008854220291544,1.0,6.103515625e-05,True,349129.0,349129.0,,0.0,29850529.5,85.5,True
within_session,schirrmeister2017,bd_eegnex,braindecode,accuracy,14,1040,0.25,0.2854166666666666,0.8048906831428572,0.1173349840954646,0.0127787921772193,0.1166370479872256,0.01186108933263,1.0,6.103515625e-05,True,63236.0,63236.0,,0.0,4236812.0,67.0,True
within_session,schirrmeister2017,bd_sccnet,braindecode,accuracy,14,1040,0.25,0.2854166666666666,0.8347992537142855,0.1017881850371421,0.0120168220632667,0.1010763602463765,0.0139374884255809,1.0,6.103515625e-05,True,16726.0,16726.0,,0.0,1003560.0,60.0,True
within_session,schirrmeister2017,bd_shallow,braindecode,accuracy,14,1040,0.25,0.2854166666666666,0.8028212149999999,0.106582833085486,0.0128647187072127,0.1058035884132143,0.0145688767437032,1.0,6.103515625e-05,True,215684.0,215684.0,,0.0,13588092.0,63.0,True
within_session,schirrmeister2017,fix_deepeeg,fixed control,accuracy,14,1040,0.25,0.2854166666666666,0.7392656605714286,0.1284824285970457,0.0140640711803691,0.1277103612085897,0.0119821468334981,1.0,6.103515625e-05,True,16820.0,16820.0,32.0,1.0,1059660.0,63.0,True
within_session,schirrmeister2017,grow_deep,growing,accuracy,14,1040,0.25,0.2854166666666666,0.7268726670000001,0.1228361651554997,0.0142867564160073,0.1220025084218307,0.0135274139853296,1.0,6.103515625e-05,True,12980.0,16820.0,32.0,0.9742857142857143,1070360.0,66.0,True
within_session,schirrmeister2017,grow_eegnex,growing,accuracy,14,1040,0.25,0.2854166666666666,0.7501067731428571,0.1081167937836437,0.0139929738021991,0.1072074520834532,0.0167507295115687,1.0,6.103515625e-05,True,46724.0,59408.0,8.0,0.9971428571428571,4483946.0,79.0,True
within_session,schirrmeister2017,grow_sccnet,growing,accuracy,14,1040,0.25,0.2854166666666666,0.8400051927142856,0.1037597087980373,0.0118660584356771,0.1030789688882004,0.0130784259277997,1.0,6.103515625e-05,True,5368.0,16726.0,22.0,1.0,1010359.0,63.5,True
within_session,schirrmeister2017,grow_shallow,growing,accuracy,14,1040,0.25,0.2854166666666666,0.8045973558571428,0.1078087461573016,0.0128046588752206,0.1070456279307974,0.0141067846274223,1.0,6.103515625e-05,True,51012.0,107618.0,19.0,0.0,4492652.0,57.0,True
within_session,shin2017a,bd_deep4,braindecode,roc_auc,87,20,0.5,0.73,0.5296551724137931,0.1281300962762935,0.1219232617478566,0.039395936548531,0.9054632748861764,0.057471264367816,0.0187075541077686,True,292677.0,292677.0,,0.0,7024248.0,24.0,False
within_session,shin2017a,bd_eegnex,braindecode,roc_auc,87,20,0.5,0.73,0.5502298850574713,0.1238714357100552,0.1222464832528891,0.0199982478525358,0.9739359709674436,0.0689655172413793,0.0002271174267953,True,57218.0,57218.0,,0.0,1201578.0,21.0,False
within_session,shin2017a,bd_sccnet,braindecode,roc_auc,87,20,0.5,0.73,0.567471264367816,0.1446424492261875,0.1205626251627116,0.0799130247958723,0.6947584818996976,0.1494252873563218,3.550390482394311e-05,True,15568.0,15568.0,,0.0,342496.0,22.0,False
within_session,shin2017a,bd_shallow,braindecode,roc_auc,87,20,0.5,0.73,0.5391954022988504,0.1207459218898673,0.1226771258104242,0.0,1.0,0.0689655172413793,0.0015282731787195,True,62002.0,62002.0,,0.0,1302042.0,21.0,False
within_session,shin2017a,fix_deepeeg,fixed control,roc_auc,87,20,0.5,0.73,0.5043678160919541,0.0951583887639541,0.1245904336417892,0.0,1.0,0.0114942528735632,0.3523360812149026,False,11586.0,11586.0,32.0,1.0,254892.0,22.0,False
within_session,shin2017a,grow_deep,growing,roc_auc,87,20,0.5,0.73,0.5149425287356322,0.0974664350480359,0.1252405921682079,0.0,1.0,0.0229885057471264,0.0998736137288683,False,7746.0,10626.0,26.0,0.004597701149425287,211852.0,22.0,False
within_session,shin2017a,grow_eegnex,growing,roc_auc,87,20,0.5,0.73,0.52,0.0999418435542553,0.1238094249246937,0.0,1.0,0.0344827586206896,0.0526760165284631,False,40514.0,48970.0,6.0,0.19080459770114944,931126.0,21.0,False
within_session,shin2017a,grow_sccnet,growing,roc_auc,87,20,0.5,0.73,0.5528735632183909,0.1222074869816294,0.1216677029495695,0.0114734447024616,0.9911856147844018,0.0919540229885057,4.166454147929792e-05,True,5974.0,11837.0,15.0,0.1471264367816092,223437.0,21.0,False
within_session,shin2017a,grow_shallow,growing,roc_auc,87,20,0.5,0.73,0.5543103448275862,0.1451746590694334,0.1207687546452911,0.0805641951325257,0.6920341818844121,0.1494252873563218,0.000841791478613,True,22770.0,27674.0,12.0,0.0,552432.0,22.0,False
within_session,weibo2014,bd_deep4,braindecode,roc_auc,10,160,0.5,0.57546875,0.6066779341999999,0.1465282257315486,0.0427830374892332,0.1401432575589369,0.0852512289877911,0.3,0.0029296875,True,303827.0,303827.0,,0.0,9722464.0,32.0,True
within_session,weibo2014,bd_eegnex,braindecode,roc_auc,10,160,0.5,0.57546875,0.642081629,0.1689924420797,0.0408923668097719,0.163970301630374,0.0585531052266986,0.5,0.0048828125,True,58386.0,58386.0,,0.0,1868352.0,32.0,True
within_session,weibo2014,bd_sccnet,braindecode,roc_auc,10,160,0.5,0.57546875,0.7042837984,0.1639722332659166,0.0386420689983586,0.1593539575465205,0.0555367063349705,0.7,0.0009765625,True,13828.0,13828.0,,0.0,456324.0,33.0,True
within_session,weibo2014,bd_shallow,braindecode,roc_auc,10,160,0.5,0.57546875,0.6678992386,0.1437589624645515,0.040875038803629,0.1378255074058723,0.080843758573597,0.7,0.0009765625,True,102002.0,102002.0,,0.0,3060060.0,30.0,True
within_session,weibo2014,fix_deepeeg,fixed control,roc_auc,10,160,0.5,0.57546875,0.5641033114,0.1042024467059275,0.0443163758810152,0.0943091126470514,0.1808725417686083,0.3,0.0322265625,True,10834.0,10834.0,32.0,1.0,292518.0,27.0,False
within_session,weibo2014,grow_deep,growing,roc_auc,10,160,0.5,0.57546875,0.574981825,0.1112836579860755,0.0440936828392495,0.1021753378679684,0.15699649697632,0.2,0.009765625,True,6994.0,10834.0,32.0,0.752,274026.0,29.0,False
within_session,weibo2014,grow_eegnex,growing,roc_auc,10,160,0.5,0.57546875,0.5927758274,0.1435631589860088,0.0430060486526624,0.1369702901994694,0.0897373151418721,0.3,0.0185546875,True,42246.0,50702.0,6.0,0.384,967498.0,21.0,True
within_session,weibo2014,grow_sccnet,growing,roc_auc,10,160,0.5,0.57546875,0.7138813806,0.1662467798092121,0.0380230948483021,0.1618401558794654,0.0523104483301655,0.7,0.0009765625,True,3694.0,13828.0,22.0,1.0,447419.5,36.0,True
within_session,weibo2014,grow_shallow,growing,roc_auc,10,160,0.5,0.57546875,0.684846621,0.1577879878419669,0.0397557219376445,0.1526975169425927,0.0634821187031833,0.7,0.0009765625,True,24370.0,41352.0,15.0,0.0,1083310.0,34.0,True
within_session,zhou2016,bd_deep4,braindecode,accuracy,12,150,0.3333333333333333,0.3966480446927374,0.3779988329999999,0.0402681115563774,0.0394991971547914,0.0078316174857924,0.9621748718060328,0.1666666666666666,0.000244140625,True,278878.0,278878.0,,0.0,8924096.0,32.0,False
within_session,zhou2016,bd_eegnex,braindecode,accuracy,12,150,0.3333333333333333,0.3966480446927374,0.6189611153333333,0.1056204887113524,0.0384006793479268,0.0983924563228434,0.1321847852456194,1.0,0.000244140625,True,55883.0,55883.0,,0.0,2877974.5,51.5,True
within_session,zhou2016,bd_sccnet,braindecode,accuracy,12,150,0.3333333333333333,0.3966480446927374,0.7935824676666666,0.0498947667779278,0.0327505315804856,0.0376416050802755,0.4308506109413852,1.0,0.000244140625,True,14117.0,14117.0,,0.0,691733.0,49.0,True
within_session,zhou2016,bd_shallow,braindecode,accuracy,12,150,0.3333333333333333,0.3966480446927374,0.687684183,0.0539870272272442,0.0375901343760924,0.0387502375014983,0.4848070522389549,1.0,0.000244140625,True,32763.0,32763.0,,0.0,1539861.0,47.0,True
within_session,zhou2016,fix_deepeeg,fixed control,accuracy,12,150,0.3333333333333333,0.3966480446927374,0.4174747668333333,0.0737059857198538,0.03982675285506,0.0620193686517145,0.2919740679651381,0.5,0.001220703125,True,9379.0,9379.0,32.0,1.0,271991.0,29.0,True
within_session,zhou2016,grow_deep,growing,accuracy,12,150,0.3333333333333333,0.3966480446927374,0.4270099865,0.067830079153263,0.0399576899574023,0.0548115193294807,0.3470212723488198,0.5833333333333334,0.00048828125,True,5539.0,9379.0,32.0,0.8833333333333333,271747.0,33.0,True
within_session,zhou2016,grow_eegnex,growing,accuracy,12,150,0.3333333333333333,0.3966480446927374,0.4475265651666666,0.0400582149391166,0.0401645383663219,0.0,1.0,0.8333333333333334,0.000244140625,True,39413.0,49983.0,7.0,0.39,1101595.0,25.0,True
within_session,zhou2016,grow_sccnet,growing,accuracy,12,150,0.3333333333333333,0.3966480446927374,0.4760687281666667,0.0562311810644264,0.0403685396184903,0.0391449451777708,0.5153848716035097,0.8333333333333334,0.000244140625,True,4811.0,12049.0,18.0,0.21666666666666667,366432.0,38.5,True
within_session,zhou2016,grow_shallow,growing,accuracy,12,150,0.3333333333333333,0.3966480446927374,0.7203849588333334,0.0578162241909192,0.0362689337281386,0.0450253287152745,0.3935230035908952,1.0,0.000244140625,True,14011.0,19871.0,18.0,0.0,887404.5,52.0,True
