eval,dataset,model,family,metric,n_units,n_eff,chance,threshold,score_mean,obs_sd,sampling_sd,true_sd,noise_share,frac_units_above,p_group,group_significant
cross_session,bnci2014_001,bd_deep4,braindecode,accuracy,18,288,0.25,0.2951388888888889,0.30574845488888885,0.07350729441420607,0.026718009216739235,0.06847970732699585,0.13211353545675866,0.2222222222222222,1.1444091796875e-05,True
cross_session,bnci2014_001,bd_eegnex,braindecode,accuracy,18,288,0.25,0.2951388888888889,0.5905478378888889,0.17390549058712762,0.027068402231740146,0.17178597514631472,0.02422694509378913,1.0,3.814697265625e-06,True
cross_session,bnci2014_001,bd_sccnet,braindecode,accuracy,18,288,0.25,0.2951388888888889,0.6242669748888888,0.1396589104594673,0.02734615794855161,0.13695546325787217,0.03834028498017415,1.0,3.814697265625e-06,True
cross_session,bnci2014_001,bd_shallow,braindecode,accuracy,18,288,0.25,0.2951388888888889,0.5303240742222223,0.14037319409413232,0.02824390031236089,0.13750242076172464,0.0404837725090841,1.0,3.814697265625e-06,True
cross_session,bnci2014_001,csp_lda,riemann/csp,accuracy,18,288,0.25,0.2951388888888889,0.5929783933333334,0.1479986032180961,0.02768048711903408,0.14538699112149076,0.03498100026862207,1.0,9.787521252150102e-05,True
cross_session,bnci2014_001,csp_svm,riemann/csp,accuracy,18,288,0.25,0.2951388888888889,0.5819830405555555,0.15159946009372743,0.02773718326111281,0.14904041386633726,0.03347567961121619,1.0,9.787521252150102e-05,True
cross_session,bnci2014_001,fgmdm,riemann/csp,accuracy,18,288,0.25,0.2951388888888889,0.6377314833333334,0.12898183052040477,0.02734285692087824,0.12605031051052115,0.04493975572436256,1.0,3.814697265625e-06,True
cross_session,bnci2014_001,fix_deepeeg,fixed control,accuracy,18,288,0.25,0.2951388888888889,0.41331018555555554,0.1013187045138668,0.02828582167320898,0.09729024707872662,0.07793963036710164,0.7777777777777778,3.814697265625e-06,True
cross_session,bnci2014_001,grow_deep,growing,accuracy,18,288,0.25,0.2951388888888889,0.42195216166666666,0.10731017567267293,0.028330552050193577,0.10350291601414521,0.0696992753582232,0.8333333333333334,3.814697265625e-06,True
cross_session,bnci2014_001,grow_eegnex,growing,accuracy,18,288,0.25,0.2951388888888889,0.48464506211111114,0.14195909916370597,0.02809941187235207,0.13915031041215403,0.03918032108070484,0.8888888888888888,3.814697265625e-06,True
cross_session,bnci2014_001,grow_sccnet,growing,accuracy,18,288,0.25,0.2951388888888889,0.6298611096666666,0.1466056785258845,0.027042900557271682,0.14408992506585777,0.034025534621533404,1.0,3.814697265625e-06,True
cross_session,bnci2014_001,grow_shallow,growing,accuracy,18,288,0.25,0.2951388888888889,0.5336805583333333,0.14096472912643396,0.028174516121732784,0.13812042390245954,0.03994772116421522,1.0,3.814697265625e-06,True
cross_session,bnci2014_001,mdm,riemann/csp,accuracy,18,288,0.25,0.2951388888888889,0.5511188300000001,0.1346146163078054,0.02827644397724446,0.13161131273450405,0.0441230117365939,1.0,9.804667726686511e-05,True
cross_session,bnci2014_001,ts_lr,riemann/csp,accuracy,18,288,0.25,0.2951388888888889,0.6469907488888889,0.1288938271429757,0.027176319851983714,0.12599629484578495,0.04445463538799339,1.0,9.804667726686511e-05,True
cross_session,bnci2014_001,ts_svm,riemann/csp,accuracy,18,288,0.25,0.2951388888888889,0.6195987700000001,0.1437725068351322,0.02739715386407799,0.1411379810037191,0.03631275563366305,1.0,3.814697265625e-06,True
cross_session,bnci2014_004,bd_deep4,braindecode,roc_auc,40,160,0.5,0.5875,0.8184870567499999,0.18988197377476865,0.03268820439202274,0.18704717388463069,0.029635663491190886,0.75,2.8122538078368717e-08,True
cross_session,bnci2014_004,bd_eegnex,braindecode,roc_auc,40,160,0.5,0.5875,0.84114430815,0.16004383172126715,0.031842535842757015,0.1568441295781516,0.03958561636795666,0.95,9.094947017729282e-13,True
cross_session,bnci2014_004,bd_sccnet,braindecode,roc_auc,40,160,0.5,0.5875,0.82379326775,0.17798989040650753,0.03283338090441158,0.17493533143795276,0.034028322389493056,0.8,9.094947017729282e-13,True
cross_session,bnci2014_004,bd_shallow,braindecode,roc_auc,40,160,0.5,0.5875,0.8156121134,0.1803877462192186,0.033411300730980704,0.17726653369858955,0.0343062068510946,0.775,9.094947017729282e-13,True
cross_session,bnci2014_004,csp_lda,riemann/csp,roc_auc,40,160,0.5,0.5875,0.8023414707499998,0.14571946316918358,0.03573553898085832,0.14126971791598722,0.06014029418637164,0.975,9.094947017729282e-13,True
cross_session,bnci2014_004,csp_svm,riemann/csp,roc_auc,40,160,0.5,0.5875,0.7795936675,0.15303284899925462,0.037300520864034147,0.14841739795623834,0.059410124921939055,0.9,9.094947017729282e-13,True
cross_session,bnci2014_004,fgmdm,riemann/csp,roc_auc,40,160,0.5,0.5875,0.79952456,0.1481698801172404,0.03585131975882917,0.14376715982973154,0.05854508435570032,0.925,9.094947017729282e-13,True
cross_session,bnci2014_004,fix_deepeeg,fixed control,roc_auc,40,160,0.5,0.5875,0.8133980408999999,0.18023830568522084,0.03347669854293563,0.17710211035147075,0.03449777224471305,0.75,9.094947017729282e-13,True
cross_session,bnci2014_004,grow_deep,growing,roc_auc,40,160,0.5,0.5875,0.8104439687999999,0.18285968366513433,0.033579132106990484,0.1797501204368283,0.03372119882805858,0.775,2.7284841053187847e-12,True
cross_session,bnci2014_004,grow_eegnex,growing,roc_auc,40,160,0.5,0.5875,0.83389028745,0.16615038587320777,0.03223731236986364,0.16299296431743204,0.03764566267447217,0.875,9.094947017729282e-13,True
cross_session,bnci2014_004,grow_sccnet,growing,roc_auc,40,160,0.5,0.5875,0.82187372245,0.17430017198942155,0.033094592581737345,0.1711294769973623,0.03605109386610665,0.825,9.094947017729282e-13,True
cross_session,bnci2014_004,grow_shallow,growing,roc_auc,40,160,0.5,0.5875,0.8150531686499999,0.17869899232846254,0.03353565264371585,0.1755240435409575,0.03521837538391501,0.775,9.094947017729282e-13,True
cross_session,bnci2014_004,mdm,riemann/csp,roc_auc,40,160,0.5,0.5875,0.7862003055000001,0.15658113026523654,0.03661310381479718,0.15224037238586174,0.05467568676180827,0.85,9.094947017729282e-13,True
cross_session,bnci2014_004,ts_lr,riemann/csp,roc_auc,40,160,0.5,0.5875,0.80121641,0.1475449152653939,0.03574411218863569,0.1431497833198447,0.05868951687275756,0.95,1.7840631619466765e-08,True
cross_session,bnci2014_004,ts_svm,riemann/csp,roc_auc,40,160,0.5,0.5875,0.77902097475,0.15745070995178162,0.037173605917488965,0.15299950682081068,0.0557416903935553,0.9,1.7840631619466765e-08,True
cross_session,bnci2015_001,bd_deep4,braindecode,accuracy,28,200,0.5,0.565,0.7844325000000001,0.1633819595559232,0.02633937818015343,0.1612448506632574,0.025989793851743458,0.8214285714285714,3.725290298461914e-09,True
cross_session,bnci2015_001,bd_eegnex,braindecode,accuracy,28,200,0.5,0.565,0.9114750000000001,0.11096636682646983,0.018416909797556422,0.10942738231437017,0.027545508128065308,1.0,3.725290298461914e-09,True
cross_session,bnci2015_001,bd_sccnet,braindecode,accuracy,28,200,0.5,0.565,0.9095835714285715,0.09584453832907344,0.0190644080110844,0.09392935576644891,0.03956506728230222,1.0,3.725290298461914e-09,True
cross_session,bnci2015_001,bd_shallow,braindecode,accuracy,28,200,0.5,0.565,0.8691742857142856,0.11792710866772814,0.02230313570346641,0.11579884756129019,0.03576881499532361,1.0,3.725290298461914e-09,True
cross_session,bnci2015_001,csp_lda,riemann/csp,accuracy,28,200,0.5,0.565,0.8814071428571426,0.1119177804315274,0.02150004003318532,0.10983322746460202,0.036904587891633124,1.0,3.725290298461914e-09,True
cross_session,bnci2015_001,csp_svm,riemann/csp,accuracy,28,200,0.5,0.565,0.8615839285714287,0.12966418096272944,0.022698537387981003,0.12766196076036854,0.030644723361040703,1.0,3.725290298461914e-09,True
cross_session,bnci2015_001,fgmdm,riemann/csp,accuracy,28,200,0.5,0.565,0.8945035714285715,0.09500878899750531,0.020695729416269158,0.09272732483308821,0.047449747991127486,1.0,3.725290298461914e-09,True
cross_session,bnci2015_001,fix_deepeeg,fixed control,accuracy,28,200,0.5,0.565,0.7573021428571426,0.16136412592636207,0.02769242602915038,0.1589701565596476,0.02945154137560162,0.8571428571428571,3.725290298461914e-09,True
cross_session,bnci2015_001,grow_deep,growing,accuracy,28,200,0.5,0.565,0.7491542857142857,0.16672887086810245,0.027928393768251163,0.16437311581422887,0.028058877955405747,0.8571428571428571,3.725290298461914e-09,True
cross_session,bnci2015_001,grow_eegnex,growing,accuracy,28,200,0.5,0.565,0.898295357142857,0.11323332075629221,0.019155223208523836,0.11160135462138883,0.028617121421545672,1.0,3.725290298461914e-09,True
cross_session,bnci2015_001,grow_sccnet,growing,accuracy,28,200,0.5,0.565,0.8878896428571429,0.10356676556452535,0.020539970502199283,0.10150952931260264,0.03933315691008205,1.0,1.8934412557255593e-06,True
cross_session,bnci2015_001,grow_shallow,growing,accuracy,28,200,0.5,0.565,0.8742442857142855,0.11724183014823653,0.021896006462193602,0.11517904165912964,0.03487904994088504,1.0,3.725290298461914e-09,True
cross_session,bnci2015_001,mdm,riemann/csp,accuracy,28,200,0.5,0.565,0.8650321428571429,0.11916831561740707,0.022699959133065797,0.11698632100569317,0.036285118767327144,1.0,3.725290298461914e-09,True
cross_session,bnci2015_001,ts_lr,riemann/csp,accuracy,28,200,0.5,0.565,0.9013392857142859,0.096199400703784,0.02000037057692396,0.0940973425371456,0.043224636736297686,1.0,3.725290298461914e-09,True
cross_session,bnci2015_001,ts_svm,riemann/csp,accuracy,28,200,0.5,0.565,0.8820464285714286,0.11693420588215839,0.021313758592916992,0.11497535475019793,0.03322285446313317,1.0,1.8934412557255593e-06,True
cross_session,lee2019_mi,bd_deep4,braindecode,roc_auc,108,100,0.5,0.596,0.5540770370370371,0.11464330439879711,0.05557389515923931,0.10027277507033068,0.23498724203503668,0.17592592592592593,2.6363115078658156e-07,True
cross_session,lee2019_mi,bd_eegnex,braindecode,roc_auc,108,100,0.5,0.596,0.6262496296296297,0.13912072840795056,0.052674206892042885,0.12876336824210916,0.1433548282287658,0.46296296296296297,7.631576670102437e-17,True
cross_session,lee2019_mi,bd_sccnet,braindecode,roc_auc,108,100,0.5,0.596,0.6686837037037037,0.13981355869024653,0.05119153174465667,0.13010479726461596,0.13405952283944497,0.6388888888888888,7.422755806021041e-19,True
cross_session,lee2019_mi,bd_shallow,braindecode,roc_auc,108,100,0.5,0.596,0.6218162962962964,0.1258131904633437,0.05370289665036654,0.11377591039374568,0.18219777610453497,0.4722222222222222,2.090735327084045e-17,True
cross_session,lee2019_mi,csp_lda,riemann/csp,roc_auc,108,100,0.5,0.596,0.7171888888888889,0.1758653474569026,0.04735616204383096,0.16936946109796625,0.07250908873068615,0.7222222222222222,1.5067652228403136e-17,True
cross_session,lee2019_mi,csp_svm,riemann/csp,roc_auc,108,100,0.5,0.596,0.6784925925925926,0.18328836465393736,0.04921607613547272,0.17655707991282046,0.07210147985728083,0.6111111111111112,1.1673456250724611e-14,True
cross_session,lee2019_mi,fgmdm,riemann/csp,roc_auc,108,100,0.5,0.596,0.7681481481481482,0.1552374229146249,0.044521922268924166,0.1487160243909646,0.08225360955176247,0.8518518518518519,2.1236275035812186e-19,True
cross_session,lee2019_mi,fix_deepeeg,fixed control,roc_auc,108,100,0.5,0.596,0.5434614814814815,0.07727789599231888,0.056363457324198764,0.05286808004328206,0.5319669742400519,0.10185185185185185,6.254371414893321e-10,True
cross_session,lee2019_mi,grow_deep,growing,roc_auc,108,100,0.5,0.596,0.5433659259259259,0.07243670899078052,0.05640464546668508,0.04544879293438479,0.6063345641355553,0.1111111111111111,5.456964832086484e-12,True
cross_session,lee2019_mi,grow_eegnex,growing,roc_auc,108,100,0.5,0.596,0.5809681481481481,0.11340794674679389,0.054483420548893054,0.09946315534214716,0.2308031626645473,0.24074074074074073,3.009810418682051e-16,True
cross_session,lee2019_mi,grow_sccnet,growing,roc_auc,108,100,0.5,0.596,0.6581659259259257,0.151095257080488,0.05080386482079081,0.1422980816156338,0.11305553765437346,0.5648148148148148,9.763408269790233e-18,True
cross_session,lee2019_mi,grow_shallow,growing,roc_auc,108,100,0.5,0.596,0.6536451851851852,0.13942501022293782,0.05202630006023177,0.1293545421611048,0.1392401597176929,0.6111111111111112,4.523157440912747e-18,True
cross_session,lee2019_mi,mdm,riemann/csp,roc_auc,108,100,0.5,0.596,0.6803092592592592,0.15867921531003606,0.05027576397853805,0.15050395651870127,0.10038695223616943,0.6481481481481481,1.6958278178823944e-17,True
cross_session,lee2019_mi,ts_lr,riemann/csp,roc_auc,108,100,0.5,0.596,0.7838962962962961,0.15140341724184933,0.043287697073298693,0.1450833210076191,0.08174432434071614,0.8611111111111112,1.4598261918598679e-19,True
cross_session,lee2019_mi,ts_svm,riemann/csp,roc_auc,108,100,0.5,0.596,0.7203777777777779,0.1612086297482115,0.047836581253879774,0.15394766578041028,0.08805290639647631,0.7407407407407407,3.6391849468370835e-19,True
cross_session,shin2017a,bd_deep4,braindecode,roc_auc,87,20,0.5,0.73,0.5225057471264367,0.11651378534700861,0.12600273088421507,0.0,1.0,0.05747126436781609,0.0764115129052456,False
cross_session,shin2017a,bd_eegnex,braindecode,roc_auc,87,20,0.5,0.73,0.581793103448276,0.13425038546833357,0.12104223122287448,0.05806844460620878,0.8129105474984583,0.11494252873563218,3.963088901903614e-07,True
cross_session,shin2017a,bd_sccnet,braindecode,roc_auc,87,20,0.5,0.73,0.6158390804597701,0.16456714707625894,0.11691131727762309,0.11581921165864491,0.5046924723457749,0.26436781609195403,2.5569066112159623e-08,True
cross_session,shin2017a,bd_shallow,braindecode,roc_auc,87,20,0.5,0.73,0.5437701149425288,0.13224868233830986,0.12465403976535512,0.0441710804757644,0.8884438960749658,0.09195402298850575,0.0022869549898572013,True
cross_session,shin2017a,csp_lda,riemann/csp,roc_auc,87,20,0.5,0.73,0.7702298850574711,0.18322674357640736,0.09869586014492625,0.15437346518060574,0.29014837754702044,0.5287356321839081,2.347281326588096e-15,True
cross_session,shin2017a,csp_svm,riemann/csp,roc_auc,87,20,0.5,0.73,0.7528735632183909,0.18057342799432302,0.10213956720319707,0.14891028073697446,0.319948693503015,0.5172413793103449,2.8164536265880705e-15,True
cross_session,shin2017a,fgmdm,riemann/csp,roc_auc,87,20,0.5,0.73,0.7912643678160919,0.19058541756913797,0.09304500239888427,0.16632927859698757,0.23834539573236757,0.632183908045977,8.23631878476778e-15,True
cross_session,shin2017a,fix_deepeeg,fixed control,roc_auc,87,20,0.5,0.73,0.5115862068965515,0.09212435373843411,0.1263394873220369,0.0,1.0,0.022988505747126436,0.31924201310784706,False
cross_session,shin2017a,grow_deep,growing,roc_auc,87,20,0.5,0.73,0.5145287356321838,0.08515291840858459,0.12629738503143095,0.0,1.0,0.022988505747126436,0.08881932527154013,False
cross_session,shin2017a,grow_eegnex,growing,roc_auc,87,20,0.5,0.73,0.5452183908045977,0.10047207471422286,0.1229039906251242,0.0,1.0,0.034482758620689655,9.772017484839773e-05,True
cross_session,shin2017a,grow_sccnet,growing,roc_auc,87,20,0.5,0.73,0.5673103448275862,0.13868244723399548,0.12174705788729481,0.06641140765408926,0.770679765208263,0.16091954022988506,2.5557005625319813e-05,True
cross_session,shin2017a,grow_shallow,growing,roc_auc,87,20,0.5,0.73,0.5680000000000001,0.14530257124119422,0.12242939204060083,0.07825523096810326,0.7099451337041047,0.14942528735632185,4.518900617162743e-05,True
cross_session,shin2017a,mdm,riemann/csp,roc_auc,87,20,0.5,0.73,0.7247126436781609,0.19298655863821892,0.10534926448348211,0.16169522036167935,0.29799494161158807,0.4367816091954023,4.7366013404290554e-14,True
cross_session,shin2017a,ts_lr,riemann/csp,roc_auc,87,20,0.5,0.73,0.7852873563218392,0.18830232421134588,0.09491272310437286,0.16263253148219597,0.25406070941038306,0.5747126436781609,3.5135911215323424e-15,True
cross_session,shin2017a,ts_svm,riemann/csp,roc_auc,87,20,0.5,0.73,0.7395402298850576,0.17868972749314507,0.1045587011064814,0.1449051301179497,0.3423900898971769,0.4942528735632184,3.4291688590957704e-15,True
cross_session,zhou2016,bd_deep4,braindecode,accuracy,12,150,0.3333333333333333,0.39664804469273746,0.6295761315,0.1287248587494379,0.03661720388044708,0.12340692703426542,0.08091806863429966,1.0,0.000244140625,True
cross_session,zhou2016,bd_eegnex,braindecode,accuracy,12,150,0.3333333333333333,0.39664804469273746,0.8191188585,0.05914527535956852,0.03103425542877396,0.0503491666995671,0.2753230325607024,1.0,0.000244140625,True
cross_session,zhou2016,bd_sccnet,braindecode,accuracy,12,150,0.3333333333333333,0.39664804469273746,0.8256459708333334,0.044031105738179734,0.03074930500462927,0.03151536949266256,0.487698505603554,1.0,0.000244140625,True
cross_session,zhou2016,bd_shallow,braindecode,accuracy,12,150,0.3333333333333333,0.39664804469273746,0.775027223,0.0291472275826846,0.03397144746491487,0.0,1.0,1.0,0.000244140625,True
cross_session,zhou2016,csp_lda,riemann/csp,accuracy,12,150,0.3333333333333333,0.39664804469273746,0.7351775000000002,0.122464237761801,0.034780053784176417,0.11742162232463287,0.08065697520667046,1.0,0.000244140625,True
cross_session,zhou2016,csp_svm,riemann/csp,accuracy,12,150,0.3333333333333333,0.39664804469273746,0.7333342875,0.11488224880814712,0.0350067402283549,0.10941873344999703,0.0928533307944796,1.0,0.000244140625,True
cross_session,zhou2016,fgmdm,riemann/csp,accuracy,12,150,0.3333333333333333,0.39664804469273746,0.7245220766666667,0.08784927708244901,0.03590890531998897,0.08017509590034157,0.16708133927236557,1.0,0.000244140625,True
cross_session,zhou2016,fix_deepeeg,fixed control,accuracy,12,150,0.3333333333333333,0.39664804469273746,0.6581108361666667,0.06718165418858449,0.03790845145515,0.05546461906285022,0.31839827183370367,1.0,0.000244140625,True
cross_session,zhou2016,grow_deep,growing,accuracy,12,150,0.3333333333333333,0.39664804469273746,0.6352074639999999,0.08877232323401402,0.03800817586742874,0.08022408578223171,0.1833153710583113,1.0,0.000244140625,True
cross_session,zhou2016,grow_eegnex,growing,accuracy,12,150,0.3333333333333333,0.39664804469273746,0.7475767623333334,0.06299723410236063,0.03423738505303881,0.05288149931003833,0.29536444153053937,1.0,0.000244140625,True
cross_session,zhou2016,grow_sccnet,growing,accuracy,12,150,0.3333333333333333,0.39664804469273746,0.8208682188333333,0.046406109078637986,0.030925619861962475,0.03459960976617856,0.4441058699015483,1.0,0.000244140625,True
cross_session,zhou2016,grow_shallow,growing,accuracy,12,150,0.3333333333333333,0.39664804469273746,0.7832132135000002,0.03975646966260006,0.033462758199780174,0.021466734583915733,0.7084477828838083,1.0,0.000244140625,True
cross_session,zhou2016,mdm,riemann/csp,accuracy,12,150,0.3333333333333333,0.39664804469273746,0.7022512183333333,0.0918466802327138,0.03667696973991172,0.08420577510164004,0.15946301345961678,1.0,0.000244140625,True
cross_session,zhou2016,ts_lr,riemann/csp,accuracy,12,150,0.3333333333333333,0.39664804469273746,0.7486436041666668,0.08548446740341467,0.03488122258595665,0.07804418285916262,0.16649798295376284,1.0,0.000244140625,True
cross_session,zhou2016,ts_svm,riemann/csp,accuracy,12,150,0.3333333333333333,0.39664804469273746,0.7393588441666666,0.09167888513423961,0.03515989225483097,0.08466876611883378,0.1470809493082337,1.0,0.000244140625,True
cross_subject,alexmi,bd_deep4,braindecode,accuracy,8,60,0.3333333333333333,0.45,0.3604166685,0.03913499069460319,0.061623421886564514,0.0,1.0,0.0,0.125,False
cross_subject,alexmi,bd_eegnex,braindecode,accuracy,8,60,0.3333333333333333,0.45,0.41916666575,0.06361466263170806,0.06295663602938574,0.009126186586383362,0.9794191062377838,0.25,0.00390625,True
cross_subject,alexmi,bd_sccnet,braindecode,accuracy,8,60,0.3333333333333333,0.45,0.40833333274999994,0.043752550129759926,0.0630284850054779,0.0,1.0,0.25,0.00390625,True
cross_subject,alexmi,bd_shallow,braindecode,accuracy,8,60,0.3333333333333333,0.45,0.3700000015,0.045074892944612276,0.06174867727416144,0.0,1.0,0.0,0.02734375,True
cross_subject,alexmi,csp_lda,riemann/csp,accuracy,8,60,0.3333333333333333,0.45,0.45208333,0.11866903843269204,0.06263411538968318,0.10079339398934631,0.27857814969014305,0.5,0.00390625,True
cross_subject,alexmi,csp_svm,riemann/csp,accuracy,8,60,0.3333333333333333,0.45,0.4374999975,0.12716381170732718,0.06217508129676437,0.11092742795935234,0.2390593030120307,0.375,0.01953125,True
cross_subject,alexmi,fgmdm,riemann/csp,accuracy,8,60,0.3333333333333333,0.45,0.44791666375000005,0.08282583746144968,0.06341460421343253,0.05327952067768803,0.5862014670121495,0.375,0.00390625,True
cross_subject,alexmi,fix_deepeeg,fixed control,accuracy,8,60,0.3333333333333333,0.45,0.34208333375,0.03251068150599322,0.060630686045554896,0.0,1.0,0.0,0.23046875,False
cross_subject,alexmi,grow_deep,growing,accuracy,8,60,0.3333333333333333,0.45,0.34291666600000004,0.037646539637351456,0.06060910983731023,0.0,1.0,0.0,0.3203125,False
cross_subject,alexmi,grow_eegnex,growing,accuracy,8,60,0.3333333333333333,0.45,0.39083333374999996,0.04264098886364932,0.06223883587976048,0.0,1.0,0.125,0.00390625,True
cross_subject,alexmi,grow_sccnet,growing,accuracy,8,60,0.3333333333333333,0.45,0.391666665,0.04872990012660819,0.06252010609869164,0.0,1.0,0.125,0.01171875,True
cross_subject,alexmi,grow_shallow,growing,accuracy,8,60,0.3333333333333333,0.45,0.3920833345,0.05639817073049481,0.062181337768209,0.0,1.0,0.25,0.0078125,True
cross_subject,alexmi,mdm,riemann/csp,accuracy,8,60,0.3333333333333333,0.45,0.42083333,0.10938137823579454,0.06235167575861459,0.08986965246875354,0.32494471469960745,0.25,0.0390625,True
cross_subject,alexmi,ts_lr,riemann/csp,accuracy,8,60,0.3333333333333333,0.45,0.45416666000000006,0.09375329928586118,0.06327299765807597,0.06918243197767315,0.45547411502201773,0.375,0.00390625,True
cross_subject,alexmi,ts_svm,riemann/csp,accuracy,8,60,0.3333333333333333,0.45,0.4291666675,0.11742947795869152,0.06230525218631251,0.09953762024305594,0.28151079679242236,0.25,0.00390625,True
cross_subject,bnci2014_001,bd_deep4,braindecode,accuracy,18,288,0.25,0.2951388888888889,0.4575231455555555,0.1551904420815058,0.027934297266458342,0.15265565285859004,0.032400041040191375,0.8888888888888888,3.814697265625e-06,True
cross_subject,bnci2014_001,bd_eegnex,braindecode,accuracy,18,288,0.25,0.2951388888888889,0.42777777666666666,0.16720636984439208,0.027464020287057387,0.16493543496232618,0.02697879735845631,0.6111111111111112,1.9073486328125e-05,True
cross_subject,bnci2014_001,bd_sccnet,braindecode,accuracy,18,288,0.25,0.2951388888888889,0.43989197599999996,0.15102703472852722,0.0278532371637429,0.14843639175886772,0.034012766931827365,0.7777777777777778,3.814697265625e-06,True
cross_subject,bnci2014_001,bd_shallow,braindecode,accuracy,18,288,0.25,0.2951388888888889,0.4236111102222222,0.13885988306033345,0.027915036191028295,0.1360250634184122,0.040413159053653475,0.7777777777777778,3.814697265625e-06,True
cross_subject,bnci2014_001,csp_lda,riemann/csp,accuracy,18,288,0.25,0.2951388888888889,0.38541666111111117,0.12158319349801947,0.027820695359639224,0.11835743259670256,0.05235870164442415,0.6666666666666666,0.00031413364533644555,True
cross_subject,bnci2014_001,csp_svm,riemann/csp,accuracy,18,288,0.25,0.2951388888888889,0.32889660944444443,0.1038516908986977,0.02703763017862282,0.100270335876782,0.06778133258115798,0.6111111111111112,0.00279998779296875,True
cross_subject,bnci2014_001,fgmdm,riemann/csp,accuracy,18,288,0.25,0.2951388888888889,0.3501157427777778,0.08003629902392552,0.02773164924788619,0.07507839097529617,0.12005421182950785,0.7222222222222222,0.00014623915190606622,True
cross_subject,bnci2014_001,fix_deepeeg,fixed control,accuracy,18,288,0.25,0.2951388888888889,0.3891589516666667,0.10170962218315023,0.028045012210118996,0.097766684176019,0.07603038413866478,0.7777777777777778,3.814697265625e-06,True
cross_subject,bnci2014_001,grow_deep,growing,accuracy,18,288,0.25,0.2951388888888889,0.39097222011111105,0.10636487490989219,0.02803987719852086,0.10260239715176679,0.0694953501154724,0.7222222222222222,3.814697265625e-06,True
cross_subject,bnci2014_001,grow_eegnex,growing,accuracy,18,288,0.25,0.2951388888888889,0.4016203732222222,0.13336928965961461,0.027791994851175953,0.13044145217875486,0.04342379394221937,0.6666666666666666,3.814697265625e-06,True
cross_subject,bnci2014_001,grow_sccnet,growing,accuracy,18,288,0.25,0.2951388888888889,0.43638117144444444,0.14788514183045673,0.027921402398591675,0.14522537816204928,0.035647195746954435,0.7777777777777778,3.814697265625e-06,True
cross_subject,bnci2014_001,grow_shallow,growing,accuracy,18,288,0.25,0.2951388888888889,0.4287808643333333,0.14516462977702244,0.027884956352011686,0.1424612191003095,0.03689931605622556,0.8333333333333334,3.814697265625e-06,True
cross_subject,bnci2014_001,mdm,riemann/csp,accuracy,18,288,0.25,0.2951388888888889,0.31616512666666663,0.09555551516319032,0.026847120725039378,0.09170653513724011,0.07893759944134043,0.3888888888888889,0.004816487886294338,True
cross_subject,bnci2014_001,ts_lr,riemann/csp,accuracy,18,288,0.25,0.2951388888888889,0.35648147888888887,0.09028563067906854,0.027745357458891926,0.08591676347835428,0.09443725971810552,0.6666666666666666,9.804667726686511e-05,True
cross_subject,bnci2014_001,ts_svm,riemann/csp,accuracy,18,288,0.25,0.2951388888888889,0.3464506161111111,0.12219155755008067,0.027151919410314983,0.11913668624252748,0.04937631448612311,0.5,0.001123621676857504,True
cross_subject,bnci2014_002,bd_deep4,braindecode,accuracy,14,160,0.5,0.56875,0.8249999985714285,0.12419566765506956,0.02843949950786254,0.12089565224618616,0.05243617514076288,1.0,6.103515625e-05,True
cross_subject,bnci2014_002,bd_eegnex,braindecode,accuracy,14,160,0.5,0.56875,0.8130122845714285,0.1337867135106642,0.02896505314743497,0.13061359197323535,0.04687299333639382,1.0,6.103515625e-05,True
cross_subject,bnci2014_002,bd_sccnet,braindecode,accuracy,14,160,0.5,0.56875,0.7884441997142856,0.11441133175580591,0.030969194474817982,0.11014019170002376,0.0732692484512166,1.0,6.103515625e-05,True
cross_subject,bnci2014_002,bd_shallow,braindecode,accuracy,14,160,0.5,0.56875,0.7468091515714288,0.10680214959519871,0.03326435942994138,0.10148981007899696,0.0970059429938789,1.0,6.103515625e-05,True
cross_subject,bnci2014_002,csp_lda,riemann/csp,accuracy,14,160,0.5,0.56875,0.7293191957142857,0.15705970451861398,0.03302526853527258,0.15354830647599949,0.04421434168848246,0.7857142857142857,6.103515625e-05,True
cross_subject,bnci2014_002,csp_svm,riemann/csp,accuracy,14,160,0.5,0.56875,0.7260156264285715,0.16621650011511266,0.03290729733921845,0.16292647020157747,0.03919549592229798,0.7857142857142857,0.0001220703125,True
cross_subject,bnci2014_002,fgmdm,riemann/csp,accuracy,14,160,0.5,0.56875,0.7717075921428573,0.1323240845249754,0.03161447564659989,0.12849197747316127,0.05708134135392056,0.9285714285714286,6.103515625e-05,True
cross_subject,bnci2014_002,fix_deepeeg,fixed control,accuracy,14,160,0.5,0.56875,0.7603437487142858,0.12572289167584658,0.03221297536993718,0.12152600425074657,0.06564973211082456,1.0,6.103515625e-05,True
cross_subject,bnci2014_002,grow_deep,growing,accuracy,14,160,0.5,0.56875,0.7645803581428571,0.1334555488266859,0.03182134962693677,0.12960626998934965,0.05685437887182877,0.9285714285714286,6.103515625e-05,True
cross_subject,bnci2014_002,grow_eegnex,growing,accuracy,14,160,0.5,0.56875,0.8012042394285714,0.1378271707244758,0.029673915914518956,0.13459490222223078,0.046353234152212736,1.0,6.103515625e-05,True
cross_subject,bnci2014_002,grow_sccnet,growing,accuracy,14,160,0.5,0.56875,0.7960267879999998,0.11425307411712392,0.03053831540683518,0.11009621354672314,0.07144212507283883,1.0,6.103515625e-05,True
cross_subject,bnci2014_002,grow_shallow,growing,accuracy,14,160,0.5,0.56875,0.7662276782857143,0.11569885415823689,0.03212978264078737,0.11114810804050929,0.07711830212325273,1.0,6.103515625e-05,True
cross_subject,bnci2014_002,mdm,riemann/csp,accuracy,14,160,0.5,0.56875,0.7355022235714285,0.14593657224441817,0.03304943913751011,0.14214505862373936,0.0512861271554544,0.9285714285714286,0.0001220703125,True
cross_subject,bnci2014_002,ts_lr,riemann/csp,accuracy,14,160,0.5,0.56875,0.7734263271428572,0.1342012561956258,0.03147563476335739,0.13045789198330518,0.05500926373798969,0.9285714285714286,6.103515625e-05,True
cross_subject,bnci2014_002,ts_svm,riemann/csp,accuracy,14,160,0.5,0.56875,0.7681696364285715,0.15098977950637912,0.03131648477403104,0.14770643620635787,0.04301806908515051,0.8571428571428571,6.103515625e-05,True
cross_subject,bnci2014_004,bd_deep4,braindecode,roc_auc,41,160,0.5,0.57546875,0.8019681320487805,0.14336282762959693,0.035707943638436504,0.138844672591597,0.06203782519369792,0.9512195121951219,4.547473508864641e-13,True
cross_subject,bnci2014_004,bd_eegnex,braindecode,roc_auc,41,160,0.5,0.57546875,0.8146390536585365,0.14237641414756147,0.034689632994541766,0.13808574389929593,0.05936402084289531,0.9512195121951219,4.547473508864641e-13,True
cross_subject,bnci2014_004,bd_sccnet,braindecode,roc_auc,41,160,0.5,0.57546875,0.79469308,0.14580437284528536,0.03619055901192339,0.14124149028954444,0.06160975538593692,0.9512195121951219,4.547473508864641e-13,True
cross_subject,bnci2014_004,bd_shallow,braindecode,roc_auc,41,160,0.5,0.57546875,0.7951114915609755,0.14673378274448665,0.03612014981038157,0.14221862668505064,0.06059528863902218,0.9024390243902439,4.547473508864641e-13,True
cross_subject,bnci2014_004,csp_lda,riemann/csp,roc_auc,41,160,0.5,0.57546875,0.7891255804878048,0.1483358235448211,0.036640266052921394,0.14373937334735895,0.06101338818176176,0.975609756097561,4.547473508864641e-13,True
cross_subject,bnci2014_004,csp_svm,riemann/csp,roc_auc,41,160,0.5,0.57546875,0.7331255729268293,0.17566865085780844,0.03923706806186164,0.17123062630298191,0.04988897300972509,0.8048780487804879,2.0327206584624946e-10,True
cross_subject,bnci2014_004,fgmdm,riemann/csp,roc_auc,41,160,0.5,0.57546875,0.7789558353658537,0.14816801269800153,0.03738502781729766,0.14337405512147247,0.0636629126735323,0.926829268292683,4.547473508864641e-13,True
cross_subject,bnci2014_004,fix_deepeeg,fixed control,roc_auc,41,160,0.5,0.57546875,0.7626267156585366,0.1424263670975906,0.038454605050460965,0.1371368418588918,0.07289805096675564,0.8292682926829268,4.547473508864641e-13,True
cross_subject,bnci2014_004,grow_deep,growing,roc_auc,41,160,0.5,0.57546875,0.7671032326829268,0.1411114722787855,0.038211187706927725,0.13583943736158652,0.07332573547297741,0.8536585365853658,4.547473508864641e-13,True
cross_subject,bnci2014_004,grow_eegnex,growing,roc_auc,41,160,0.5,0.57546875,0.8130062208780487,0.14286758064094607,0.034838344045813874,0.13855481002961512,0.059463110976078364,0.9512195121951219,4.547473508864641e-13,True
cross_subject,bnci2014_004,grow_sccnet,growing,roc_auc,41,160,0.5,0.57546875,0.794692618097561,0.14708436023318208,0.03614806407942885,0.14257323201959748,0.06040002179774,0.926829268292683,4.547473508864641e-13,True
cross_subject,bnci2014_004,grow_shallow,growing,roc_auc,41,160,0.5,0.57546875,0.7938013443414634,0.14962441198242238,0.03614183801143923,0.14519377468142547,0.058346600413205024,0.9024390243902439,4.547473508864641e-13,True
cross_subject,bnci2014_004,mdm,riemann/csp,roc_auc,41,160,0.5,0.57546875,0.7859225604878048,0.15009663689295677,0.03683756490443932,0.1455059937545094,0.06023375043717766,0.926829268292683,4.547473508864641e-13,True
cross_subject,bnci2014_004,ts_lr,riemann/csp,roc_auc,41,160,0.5,0.57546875,0.780534896097561,0.14851837873868143,0.0372681295718399,0.14376646111448585,0.06296725978741372,0.926829268292683,4.547473508864641e-13,True
cross_subject,bnci2014_004,ts_svm,riemann/csp,roc_auc,41,160,0.5,0.57546875,0.7198009248780487,0.16990751712930285,0.04019996513402387,0.1650833946230438,0.05597913272271249,0.7804878048780488,2.0327206584624946e-10,True
cross_subject,bnci2015_001,bd_deep4,braindecode,accuracy,28,200,0.5,0.565,0.8093232142857144,0.12222230362785891,0.02626171129817096,0.1193675585064554,0.04616843098283127,1.0,3.725290298461914e-09,True
cross_subject,bnci2015_001,bd_eegnex,braindecode,accuracy,28,200,0.5,0.565,0.7836489285714284,0.15091652505887673,0.02706891318437461,0.14846909265858452,0.03217125810106014,1.0,3.725290298461914e-09,True
cross_subject,bnci2015_001,bd_sccnet,braindecode,accuracy,28,200,0.5,0.565,0.7980867857142858,0.11591271920920024,0.027103125937350647,0.11269950771363205,0.05467346238559244,1.0,3.725290298461914e-09,True
cross_subject,bnci2015_001,bd_shallow,braindecode,accuracy,28,200,0.5,0.565,0.7802339285714286,0.12582284969836333,0.02783052871590448,0.12270636160203816,0.048924216557404865,0.9642857142857143,3.725290298461914e-09,True
cross_subject,bnci2015_001,csp_lda,riemann/csp,accuracy,28,200,0.5,0.565,0.7070785714285713,0.18650191610006236,0.029459951568673214,0.18416046253896665,0.024951546071176032,0.7142857142857143,9.424984455108643e-07,True
cross_subject,bnci2015_001,csp_svm,riemann/csp,accuracy,28,200,0.5,0.565,0.6408178571428572,0.21900501271714787,0.03032491605806307,0.2168953550939013,0.019173045551199083,0.6071428571428571,0.0017155259125967819,True
cross_subject,bnci2015_001,fgmdm,riemann/csp,accuracy,28,200,0.5,0.565,0.7067892857142856,0.1632528380770504,0.030127938949704856,0.16044873460035294,0.03405786072897595,0.7857142857142857,3.725290298461914e-09,True
cross_subject,bnci2015_001,fix_deepeeg,fixed control,accuracy,28,200,0.5,0.565,0.7495135714285716,0.13941928949420443,0.028964402060393867,0.13637742370477832,0.04316019562043919,0.9285714285714286,3.725290298461914e-09,True
cross_subject,bnci2015_001,grow_deep,growing,accuracy,28,200,0.5,0.565,0.7427642857142857,0.14171631251484157,0.029181679348830626,0.13867928043938746,0.04240146630456169,0.9285714285714286,3.725290298461914e-09,True
cross_subject,bnci2015_001,grow_eegnex,growing,accuracy,28,200,0.5,0.565,0.7664892857142858,0.16038177029798412,0.027682423572210495,0.1579746678081143,0.029791900804429,0.9642857142857143,3.725290298461914e-09,True
cross_subject,bnci2015_001,grow_sccnet,growing,accuracy,28,200,0.5,0.565,0.7905432142857144,0.11851805079126045,0.027336973058709423,0.11532223665602044,0.05320247656082443,0.9642857142857143,3.725290298461914e-09,True
cross_subject,bnci2015_001,grow_shallow,growing,accuracy,28,200,0.5,0.565,0.7747689285714287,0.11886512762570943,0.028085324660071125,0.11549949395653035,0.05582773073581053,0.9642857142857143,3.725290298461914e-09,True
cross_subject,bnci2015_001,mdm,riemann/csp,accuracy,28,200,0.5,0.565,0.7552214285714287,0.16244601235862002,0.02823258483434649,0.15997383562566836,0.030205301400564443,0.8928571428571429,3.725290298461914e-09,True
cross_subject,bnci2015_001,ts_lr,riemann/csp,accuracy,28,200,0.5,0.565,0.7155892857142856,0.16401622173450858,0.029797709673491924,0.16128675547073842,0.03300594428235202,0.8571428571428571,1.8934412557255593e-06,True
cross_subject,bnci2015_001,ts_svm,riemann/csp,accuracy,28,200,0.5,0.565,0.6726321428571428,0.1501448832481762,0.03150077632263325,0.14680322563445222,0.04401710145637579,0.8571428571428571,2.0489096641540527e-07,True
cross_subject,cho2017,bd_deep4,braindecode,roc_auc,52,200,0.5,0.5673685359734585,0.7443378526923077,0.1298198943202929,0.03311194519507185,0.12552610902410133,0.06505592954675526,0.8653846153846154,1.7519324821041317e-10,True
cross_subject,cho2017,bd_eegnex,braindecode,roc_auc,52,200,0.5,0.5673685359734585,0.7327797753076924,0.13298237309997987,0.03364917456011535,0.12865474964697238,0.06402663428747547,0.8461538461538461,1.7515663099002766e-10,True
cross_subject,cho2017,bd_sccnet,braindecode,roc_auc,52,200,0.5,0.5673685359734585,0.7235871470384615,0.12067800889670512,0.03432332458140691,0.11569395498880929,0.08089513843676378,0.9230769230769231,1.7519324821041317e-10,True
cross_subject,cho2017,bd_shallow,braindecode,roc_auc,52,200,0.5,0.5673685359734585,0.7170041236923078,0.11244839057518591,0.034772768428785635,0.1069368744575397,0.09562513225226875,0.9230769230769231,1.7519324821041317e-10,True
cross_subject,cho2017,csp_lda,riemann/csp,roc_auc,52,200,0.5,0.5673685359734585,0.6626467957692308,0.12639675855292834,0.03662933623051984,0.12097285769956329,0.08398200219784317,0.75,1.8034386138301611e-09,True
cross_subject,cho2017,csp_svm,riemann/csp,roc_auc,52,200,0.5,0.5673685359734585,0.6569907586538462,0.11803754231930966,0.036994962186758254,0.11209029471628285,0.09823016164617107,0.7307692307692307,3.5156457455876613e-10,True
cross_subject,cho2017,fgmdm,riemann/csp,roc_auc,52,200,0.5,0.5673685359734585,0.6655388892307692,0.1128040015825624,0.03682606497876241,0.10662356076974128,0.10657654036775258,0.8076923076923077,2.790867083907e-10,True
cross_subject,cho2017,fix_deepeeg,fixed control,roc_auc,52,200,0.5,0.5673685359734585,0.667703899423077,0.11434787135224521,0.036638863382710024,0.10831910899196287,0.10266627763263102,0.8461538461538461,2.087443005243105e-10,True
cross_subject,cho2017,grow_deep,growing,roc_auc,52,200,0.5,0.5673685359734585,0.6754858226923075,0.11237499997940867,0.0364115464848562,0.10631246353534121,0.10498780123496741,0.8653846153846154,1.8574551480482643e-10,True
cross_subject,cho2017,grow_eegnex,growing,roc_auc,52,200,0.5,0.5673685359734585,0.732111495423077,0.1376416179925497,0.03354450063753579,0.1334915034022216,0.05939407511645584,0.8461538461538461,1.7519324821041317e-10,True
cross_subject,cho2017,grow_sccnet,growing,roc_auc,52,200,0.5,0.5673685359734585,0.7343964425,0.11759819057642171,0.033853449754587324,0.11262006200745066,0.08287138230321515,0.9230769230769231,1.7519324821041317e-10,True
cross_subject,cho2017,grow_shallow,growing,roc_auc,52,200,0.5,0.5673685359734585,0.7216169230000001,0.11607633518684154,0.034491945246092656,0.11083330412628027,0.08829741721032049,0.9423076923076923,1.8574551480482643e-10,True
cross_subject,cho2017,mdm,riemann/csp,roc_auc,52,200,0.5,0.5673685359734585,0.6747112171153845,0.12474200637441615,0.0362190169143434,0.11936813212944813,0.0843039388557115,0.8461538461538461,2.2468119539752644e-09,True
cross_subject,cho2017,ts_lr,riemann/csp,roc_auc,52,200,0.5,0.5673685359734585,0.672334401923077,0.11419132108757687,0.036568020732192445,0.10817780581734879,0.10255024783453628,0.8076923076923077,2.3451469606504315e-10,True
cross_subject,cho2017,ts_svm,riemann/csp,roc_auc,52,200,0.5,0.5673685359734585,0.7079686978846156,0.12330174623828756,0.03499390851776761,0.11823175120102541,0.0805464584692845,0.9230769230769231,2.485392403902254e-10,True
cross_subject,lee2019_mi,bd_deep4,braindecode,roc_auc,108,100,0.5,0.596,0.8573018518518519,0.1059215413932314,0.03685923476512787,0.09930140856829385,0.1210943959000232,0.9814814814814815,9.343410879886316e-20,True
cross_subject,lee2019_mi,bd_eegnex,braindecode,roc_auc,108,100,0.5,0.596,0.869692962962963,0.10210940144783925,0.03537431217226092,0.09578615715423304,0.12001749205891483,0.9907407407407407,9.342959085577616e-20,True
cross_subject,lee2019_mi,bd_sccnet,braindecode,roc_auc,108,100,0.5,0.596,0.8405529629629631,0.10601603135039689,0.03879933697193053,0.09866108834706275,0.13393852842263482,0.9907407407407407,9.341603827395462e-20,True
cross_subject,lee2019_mi,bd_shallow,braindecode,roc_auc,108,100,0.5,0.596,0.8160162962962962,0.11847052951567522,0.04112265938061636,0.11110442497574198,0.12048742579655912,0.9629629629629629,9.608502766325559e-20,True
cross_subject,lee2019_mi,csp_lda,riemann/csp,roc_auc,108,100,0.5,0.596,0.7435148148148149,0.16372410849872937,0.046069128409063714,0.15710894026545055,0.07917621253207614,0.7870370370370371,6.299021727509882e-19,True
cross_subject,lee2019_mi,csp_svm,riemann/csp,roc_auc,108,100,0.5,0.596,0.7365666666666667,0.15810984588091273,0.046784241812689545,0.1510296596119377,0.0875550823166291,0.7870370370370371,9.902266871187315e-19,True
cross_subject,lee2019_mi,fgmdm,riemann/csp,roc_auc,108,100,0.5,0.596,0.7780407407407407,0.13033673070707577,0.04456736412810934,0.12248025729104794,0.11692308129147765,0.9351851851851852,9.341152116246254e-20,True
cross_subject,lee2019_mi,fix_deepeeg,fixed control,roc_auc,108,100,0.5,0.596,0.8244222222222222,0.10465148959947683,0.04060154545871234,0.09645438705291492,0.15052003163863684,0.9907407407407407,9.343410879886316e-20,True
cross_subject,lee2019_mi,grow_deep,growing,roc_auc,108,100,0.5,0.596,0.818261851851852,0.1057360912056734,0.04122243710288019,0.09736956230133506,0.1519920332897739,0.9814814814814815,9.343410879886316e-20,True
cross_subject,lee2019_mi,grow_eegnex,growing,roc_auc,108,100,0.5,0.596,0.8638066666666667,0.10612500426780261,0.03600795675052961,0.09982957268010872,0.11512284539583079,0.9814814814814815,9.342507312060107e-20,True
cross_subject,lee2019_mi,grow_sccnet,growing,roc_auc,108,100,0.5,0.596,0.8477496296296296,0.10169128938267104,0.03809788506209153,0.0942850438304284,0.14035704833856824,0.9907407407407407,9.342959085577616e-20,True
cross_subject,lee2019_mi,grow_shallow,growing,roc_auc,108,100,0.5,0.596,0.8256937037037037,0.11364682701609966,0.04026291832493974,0.10627557903293922,0.12551506937521237,0.9722222222222222,9.342507312060107e-20,True
cross_subject,lee2019_mi,mdm,riemann/csp,roc_auc,108,100,0.5,0.596,0.7213148148148149,0.13073544436756268,0.04882252061652589,0.12127702954241987,0.1394612971081695,0.8611111111111112,1.4598261918598679e-19,True
cross_subject,lee2019_mi,ts_lr,riemann/csp,roc_auc,108,100,0.5,0.596,0.7889703703703704,0.13514186886881827,0.043451375092806534,0.12796602175539062,0.10337778177091393,0.9351851851851852,9.607109928494957e-20,True
cross_subject,lee2019_mi,ts_svm,riemann/csp,roc_auc,108,100,0.5,0.596,0.8149222222222222,0.1397897107797115,0.040768721488467004,0.13371265679834202,0.08505576824682368,0.9166666666666666,9.338442285860549e-20,True
cross_subject,physionetmi,bd_deep4,braindecode,roc_auc,109,45,0.5,0.6462450592885376,0.8551720622385321,0.10573674937838455,0.05550979129850471,0.08999401779620553,0.27560511861054304,0.9541284403669725,6.392861840407301e-20,True
cross_subject,physionetmi,bd_eegnex,braindecode,roc_auc,109,45,0.5,0.6462450592885376,0.8313785830275228,0.12208694593517594,0.05917141511266119,0.10678935340821061,0.23490131713859735,0.9174311926605505,6.757211882150093e-20,True
cross_subject,physionetmi,bd_sccnet,braindecode,roc_auc,109,45,0.5,0.6462450592885376,0.8368735974495414,0.10948040107460712,0.05855429101618323,0.0925059631756189,0.2860518060910819,0.9541284403669725,6.392861840407301e-20,True
cross_subject,physionetmi,bd_shallow,braindecode,roc_auc,109,45,0.5,0.6462450592885376,0.8564266302385319,0.10566264839050639,0.055353560768343205,0.090003214249054,0.27444046264432725,0.9541284403669725,6.392861840407301e-20,True
cross_subject,physionetmi,csp_lda,riemann/csp,roc_auc,109,45,0.5,0.6462450592885376,0.7139932064220185,0.16154345522789826,0.07234083431974102,0.14444061622996404,0.20053412672030727,0.6513761467889908,5.199274973026786e-18,True
cross_subject,physionetmi,csp_svm,riemann/csp,roc_auc,109,45,0.5,0.6462450592885376,0.7129752407339449,0.16092210142041835,0.07246519768191759,0.1436826985078023,0.2027811455390086,0.6330275229357798,5.552492879374339e-18,True
cross_subject,physionetmi,fgmdm,riemann/csp,roc_auc,109,45,0.5,0.6462450592885376,0.7155584580733945,0.12178307814026079,0.07436347643026295,0.09644268502339923,0.3728597251778389,0.6513761467889908,7.545361741202258e-20,True
cross_subject,physionetmi,fix_deepeeg,fixed control,roc_auc,109,45,0.5,0.6462450592885376,0.7667153794495413,0.11138258942995562,0.06817681119687333,0.08807953021643536,0.3746612245644391,0.8440366972477065,6.572230509508983e-20,True
cross_subject,physionetmi,grow_deep,growing,roc_auc,109,45,0.5,0.6462450592885376,0.7662130854495411,0.11784868524550775,0.06799726668380025,0.09625323027112859,0.33291504914538683,0.8256880733944955,7.14206927298942e-20,True
cross_subject,physionetmi,grow_eegnex,growing,roc_auc,109,45,0.5,0.6462450592885376,0.8277705068440366,0.1205731146003065,0.059794626068020655,0.10470185603801027,0.24593670460287165,0.9357798165137615,6.392861840407301e-20,True
cross_subject,physionetmi,grow_sccnet,growing,roc_auc,109,45,0.5,0.6462450592885376,0.8432429302201836,0.10819854570940186,0.05748219964258797,0.09166636252126069,0.28224347494114144,0.9541284403669725,6.392861840407301e-20,True
cross_subject,physionetmi,grow_shallow,growing,roc_auc,109,45,0.5,0.6462450592885376,0.8613188538165139,0.10358999721468848,0.054505803656299256,0.08809088994169671,0.2768533940802435,0.963302752293578,6.392861840407301e-20,True
cross_subject,physionetmi,mdm,riemann/csp,roc_auc,109,45,0.5,0.6462450592885376,0.6581487417431192,0.12318251061364323,0.07909540196692783,0.09443435978906427,0.41229149156192946,0.4954128440366973,9.007796419340408e-19,True
cross_subject,physionetmi,ts_lr,riemann/csp,roc_auc,109,45,0.5,0.6462450592885376,0.7348029206422018,0.13175869230234427,0.07197132483063413,0.11036521824989604,0.2983736332265241,0.6880733944954128,1.104055741149789e-19,True
cross_subject,physionetmi,ts_svm,riemann/csp,roc_auc,109,45,0.5,0.6462450592885376,0.7860993619266055,0.14418433967506122,0.06524656283148185,0.12857686357277084,0.20477601657169608,0.7706422018348624,1.0155787849378285e-19,True
cross_subject,schirrmeister2017,bd_deep4,braindecode,accuracy,14,1040,0.25,0.28541666666666665,0.5905343362857144,0.14445039319222266,0.01542304544447286,0.14362466975629729,0.011399946674646822,1.0,6.103515625e-05,True
cross_subject,schirrmeister2017,bd_eegnex,braindecode,accuracy,14,1040,0.25,0.28541666666666665,0.54931191,0.14011902569100415,0.015674212031555383,0.13923957927897557,0.01251345444964514,0.9285714285714286,6.103515625e-05,True
cross_subject,schirrmeister2017,bd_sccnet,braindecode,accuracy,14,1040,0.25,0.28541666666666665,0.574748856,0.1524971211460385,0.015418661664466619,0.15171564464585136,0.010222804776220862,1.0,6.103515625e-05,True
cross_subject,schirrmeister2017,bd_shallow,braindecode,accuracy,14,1040,0.25,0.28541666666666665,0.5489496982857143,0.137689172531638,0.01572089766226742,0.13678874810867922,0.01303632266535752,1.0,6.103515625e-05,True
cross_subject,schirrmeister2017,csp_lda,riemann/csp,accuracy,14,1040,0.25,0.28541666666666665,0.3528922592857143,0.11390409527903257,0.01537142036783448,0.11286213872335689,0.01821165109381772,0.7142857142857143,0.00042724609375,True
cross_subject,schirrmeister2017,csp_svm,riemann/csp,accuracy,14,1040,0.25,0.28541666666666665,0.36829065,0.11089504081648052,0.015492176984892712,0.10980757045831423,0.019516442184360248,0.7142857142857143,0.00115966796875,True
cross_subject,schirrmeister2017,fgmdm,riemann/csp,accuracy,14,1040,0.25,0.28541666666666665,0.39416707500000003,0.13150065346846876,0.015500863525604295,0.13058386229773913,0.013894917204084806,0.7857142857142857,0.0001220703125,True
cross_subject,schirrmeister2017,fix_deepeeg,fixed control,accuracy,14,1040,0.25,0.28541666666666665,0.5222658277142858,0.13386822959656292,0.015789274364297817,0.132933824553298,0.01391135082185889,1.0,6.103515625e-05,True
cross_subject,schirrmeister2017,grow_deep,growing,accuracy,14,1040,0.25,0.28541666666666665,0.5411435377142858,0.12263131651247468,0.015851039013366514,0.12160256720883601,0.016707546881114223,1.0,6.103515625e-05,True
cross_subject,schirrmeister2017,grow_eegnex,growing,accuracy,14,1040,0.25,0.28541666666666665,0.5133668997142856,0.12045951773989129,0.015919453173950122,0.11940295819103308,0.017465219630672036,1.0,6.103515625e-05,True
cross_subject,schirrmeister2017,grow_sccnet,growing,accuracy,14,1040,0.25,0.28541666666666665,0.5806291554285714,0.153546714188821,0.015353372980323436,0.1527771821192895,0.009998308809582114,1.0,6.103515625e-05,True
cross_subject,schirrmeister2017,grow_shallow,growing,accuracy,14,1040,0.25,0.28541666666666665,0.5615068852857142,0.1328849184915981,0.0156818327614551,0.13195636280134587,0.013926508460439057,1.0,6.103515625e-05,True
cross_subject,schirrmeister2017,mdm,riemann/csp,accuracy,14,1040,0.25,0.28541666666666665,0.3095907471428571,0.06691046525559699,0.015023243375176527,0.06520208983775494,0.05041262434636527,0.5,0.002370884019203486,True
cross_subject,schirrmeister2017,ts_lr,riemann/csp,accuracy,14,1040,0.25,0.28541666666666665,0.4707507414285715,0.16183203505365776,0.015624996526457954,0.1610759667149525,0.009322037980253495,0.8571428571428571,0.0001220703125,True
cross_subject,schirrmeister2017,ts_svm,riemann/csp,accuracy,14,1040,0.25,0.28541666666666665,0.49635005785714287,0.1821468764728933,0.015485838748258889,0.18148739186812501,0.007228130901558509,0.8571428571428571,0.0001220703125,True
cross_subject,shin2017a,bd_deep4,braindecode,roc_auc,87,20,0.5,0.73,0.7074712643678162,0.14811731986412535,0.10509138163170105,0.10437692249952472,0.5034107824734032,0.4367816091954023,8.229436774899391e-15,True
cross_subject,shin2017a,bd_eegnex,braindecode,roc_auc,87,20,0.5,0.73,0.7750344827586206,0.15375119196179002,0.09859129287997988,0.11797959992272068,0.4111877245235296,0.6206896551724138,1.3058599702656206e-15,True
cross_subject,shin2017a,bd_sccnet,braindecode,roc_auc,87,20,0.5,0.73,0.755264367816092,0.15776700953298006,0.10106027576190646,0.1211497006183129,0.4103255598854616,0.5632183908045977,1.260850508423665e-15,True
cross_subject,shin2017a,bd_shallow,braindecode,roc_auc,87,20,0.5,0.73,0.7343448275862068,0.15900656908955907,0.10498448763579803,0.11942087911869387,0.4359333876571834,0.47126436781609193,6.937095492758278e-16,True
cross_subject,shin2017a,csp_lda,riemann/csp,roc_auc,87,20,0.5,0.73,0.7571264367816093,0.1829977001124827,0.10056802630070008,0.15288633141141117,0.3020150537866022,0.6091954022988506,3.017288463582222e-14,True
cross_subject,shin2017a,csp_svm,riemann/csp,roc_auc,87,20,0.5,0.73,0.742758620689655,0.17654098710585014,0.10394645403493277,0.14269497125642358,0.34667957558429785,0.5517241379310345,1.4300257951362665e-14,True
cross_subject,shin2017a,fgmdm,riemann/csp,roc_auc,87,20,0.5,0.73,0.7489655172413794,0.1831699838487725,0.10172337382786162,0.1523272733302763,0.3084131573938017,0.5977011494252874,6.990523633382308e-14,True
cross_subject,shin2017a,fix_deepeeg,fixed control,roc_auc,87,20,0.5,0.73,0.567471264367816,0.0920113540870958,0.12332956069693694,0.0,1.0,0.05747126436781609,9.112972181383526e-09,True
cross_subject,shin2017a,grow_deep,growing,roc_auc,87,20,0.5,0.73,0.5601379310344827,0.08297984798982094,0.12448362731159963,0.0,1.0,0.034482758620689655,9.848127489655859e-09,True
cross_subject,shin2017a,grow_eegnex,growing,roc_auc,87,20,0.5,0.73,0.7751724137931034,0.1607212093568522,0.09800041971384446,0.12738612511980824,0.3718000878974129,0.632183908045977,1.3691586369101265e-15,True
cross_subject,shin2017a,grow_sccnet,growing,roc_auc,87,20,0.5,0.73,0.7411954022988505,0.1579804108463245,0.103828486639145,0.11906912099028182,0.4319431290870544,0.4482758620689655,1.0997810515632155e-15,True
cross_subject,shin2017a,grow_shallow,growing,roc_auc,87,20,0.5,0.73,0.7395747126436782,0.1540562138556337,0.10440833541876107,0.11327937377394097,0.45931634808022326,0.45977011494252873,3.858499421512248e-16,True
cross_subject,shin2017a,mdm,riemann/csp,roc_auc,87,20,0.5,0.73,0.77183908045977,0.17253600052804743,0.09946507454444987,0.14098003555142627,0.33233935418895627,0.5632183908045977,1.1808129574595364e-15,True
cross_subject,shin2017a,ts_lr,riemann/csp,roc_auc,87,20,0.5,0.73,0.7797701149425286,0.17906070824173892,0.09671701719680331,0.15069358254612703,0.29174618955908155,0.6551724137931034,5.0210107616187865e-15,True
cross_subject,shin2017a,ts_svm,riemann/csp,roc_auc,87,20,0.5,0.73,0.7979310344827585,0.17649782877005968,0.09335501654375603,0.1497875977731813,0.2797670646069353,0.6551724137931034,2.499348294523401e-15,True
cross_subject,weibo2014,bd_deep4,braindecode,roc_auc,10,160,0.5,0.57546875,0.7422202806,0.14549536076933464,0.036553915319584955,0.14082865929990052,0.06312036642672084,1.0,0.0009765625,True
cross_subject,weibo2014,bd_eegnex,braindecode,roc_auc,10,160,0.5,0.57546875,0.7439911036,0.1608439297680931,0.03649296395783649,0.15664939618401125,0.0514764899399936,0.9,0.0009765625,True
cross_subject,weibo2014,bd_sccnet,braindecode,roc_auc,10,160,0.5,0.57546875,0.7335614766,0.15526296590913213,0.037332508915154904,0.1507079041092411,0.05781474293250823,0.8,0.0009765625,True
cross_subject,weibo2014,bd_shallow,braindecode,roc_auc,10,160,0.5,0.57546875,0.700755772,0.1494229433868483,0.03927081809533305,0.14417010389297963,0.06907252355865257,0.8,0.0009765625,True
cross_subject,weibo2014,csp_lda,riemann/csp,roc_auc,10,160,0.5,0.57546875,0.764274562,0.1751369834897933,0.03506837068775305,0.1715901289795263,0.04009363631608762,0.9,0.001953125,True
cross_subject,weibo2014,csp_svm,riemann/csp,roc_auc,10,160,0.5,0.57546875,0.7724241010000001,0.16898774439802086,0.03462536729659595,0.16540236303120537,0.04198347278392675,0.9,0.001953125,True
cross_subject,weibo2014,fgmdm,riemann/csp,roc_auc,10,160,0.5,0.57546875,0.6417378809999998,0.15404876246441632,0.04140565150652971,0.14837989499975385,0.07224417192232636,0.6,0.0185546875,True
cross_subject,weibo2014,fix_deepeeg,fixed control,roc_auc,10,160,0.5,0.57546875,0.585689096,0.06418070084731531,0.044386805747426185,0.046357025754386286,0.47829834118523057,0.6,0.0029296875,True
cross_subject,weibo2014,grow_deep,growing,roc_auc,10,160,0.5,0.57546875,0.6065004158,0.09192463788394678,0.043621854601568144,0.0809152201456215,0.22518756053594371,0.6,0.0009765625,True
cross_subject,weibo2014,grow_eegnex,growing,roc_auc,10,160,0.5,0.57546875,0.7483103024,0.1711912234903048,0.03593511189234235,0.16737712727070064,0.0440630962691446,0.9,0.001953125,True
cross_subject,weibo2014,grow_sccnet,growing,roc_auc,10,160,0.5,0.57546875,0.7467301642,0.15227905154668192,0.03660690177978098,0.14781354566494398,0.05778905884321355,0.9,0.0009765625,True
cross_subject,weibo2014,grow_shallow,growing,roc_auc,10,160,0.5,0.57546875,0.7101886456,0.15334915023523488,0.03862603921259878,0.14840482125798818,0.06344502993336383,0.7,0.0009765625,True
cross_subject,weibo2014,mdm,riemann/csp,roc_auc,10,160,0.5,0.57546875,0.651307405,0.11882946398307181,0.042074490513765474,0.11113135812411915,0.12536879605896506,0.6,0.001953125,True
cross_subject,weibo2014,ts_lr,riemann/csp,roc_auc,10,160,0.5,0.57546875,0.744240115,0.1861788122876516,0.03575514996332687,0.1827132162596363,0.03688218967034896,0.8,0.0048828125,True
cross_subject,weibo2014,ts_svm,riemann/csp,roc_auc,10,160,0.5,0.57546875,0.7233220800000001,0.17963457089637283,0.03728285268354841,0.17572298642152887,0.043076303471255344,0.8,0.001953125,True
cross_subject,zhou2016,bd_deep4,braindecode,accuracy,12,150,0.3333333333333333,0.39664804469273746,0.7300050578333334,0.07506650336366473,0.035458442661780214,0.06616402928516622,0.22312433624106923,1.0,0.000244140625,True
cross_subject,zhou2016,bd_eegnex,braindecode,accuracy,12,150,0.3333333333333333,0.39664804469273746,0.7642570298333333,0.06858144693988147,0.03412707274314905,0.05948745893338856,0.2476194695984441,1.0,0.000244140625,True
cross_subject,zhou2016,bd_sccnet,braindecode,accuracy,12,150,0.3333333333333333,0.39664804469273746,0.7798486546666666,0.061869176495762984,0.03336413560645904,0.05210210605625921,0.29081117057978584,1.0,0.000244140625,True
cross_subject,zhou2016,bd_shallow,braindecode,accuracy,12,150,0.3333333333333333,0.39664804469273746,0.7487701696666665,0.07217197252895799,0.034768920310330076,0.06324488753389149,0.23208403097433453,1.0,0.000244140625,True
cross_subject,zhou2016,csp_lda,riemann/csp,accuracy,12,150,0.3333333333333333,0.39664804469273746,0.7022312316666667,0.07586489200096826,0.03689554085716986,0.06628876905762761,0.23651902193140772,1.0,0.000244140625,True
cross_subject,zhou2016,csp_svm,riemann/csp,accuracy,12,150,0.3333333333333333,0.39664804469273746,0.7194692025,0.0715430769617315,0.036260940989217026,0.0616729764137321,0.25688746374690613,1.0,0.000244140625,True
cross_subject,zhou2016,fgmdm,riemann/csp,accuracy,12,150,0.3333333333333333,0.39664804469273746,0.7045245908333334,0.13989434009618912,0.035601575638104295,0.13528841119265378,0.06476466902641918,0.9166666666666666,0.000244140625,True
cross_subject,zhou2016,fix_deepeeg,fixed control,accuracy,12,150,0.3333333333333333,0.39664804469273746,0.7338889843333333,0.06688573315161359,0.03539491549306193,0.05675298456000235,0.28003658692567224,1.0,0.000244140625,True
cross_subject,zhou2016,grow_deep,growing,accuracy,12,150,0.3333333333333333,0.39664804469273746,0.7536289586666666,0.05526945650406697,0.034746835421315465,0.042981045246235784,0.3952393046573648,1.0,0.000244140625,True
cross_subject,zhou2016,grow_eegnex,growing,accuracy,12,150,0.3333333333333333,0.39664804469273746,0.7574795713333332,0.05731126080665683,0.034596108223579655,0.045691245452832686,0.36439681177593275,1.0,0.000244140625,True
cross_subject,zhou2016,grow_sccnet,growing,accuracy,12,150,0.3333333333333333,0.39664804469273746,0.7802102068333334,0.04751937703914084,0.033414666200345076,0.033786850650919534,0.4944618357993173,1.0,0.000244140625,True
cross_subject,zhou2016,grow_shallow,growing,accuracy,12,150,0.3333333333333333,0.39664804469273746,0.7553596061666666,0.05903911693143858,0.03448932601209034,0.047917676480353534,0.34126339664364025,1.0,0.000244140625,True
cross_subject,zhou2016,mdm,riemann/csp,accuracy,12,150,0.3333333333333333,0.39664804469273746,0.633122445,0.08449108917744376,0.03894183006401843,0.07498185128186596,0.2124275778467117,1.0,0.000244140625,True
cross_subject,zhou2016,ts_lr,riemann/csp,accuracy,12,150,0.3333333333333333,0.39664804469273746,0.7101317683333334,0.13492195930074372,0.03548430992554848,0.13017218923663829,0.06916835529616124,0.9166666666666666,0.000244140625,True
cross_subject,zhou2016,ts_svm,riemann/csp,accuracy,12,150,0.3333333333333333,0.39664804469273746,0.7321139883333334,0.0597467401284598,0.03584524801804216,0.04779948901926414,0.35994384396568213,1.0,0.000244140625,True
within_session,alexmi,bd_deep4,braindecode,accuracy,8,60,0.3333333333333333,0.45,0.35291666875,0.03622844042948013,0.06132829717367069,0.0,1.0,0.0,0.09765625,False
within_session,alexmi,bd_eegnex,braindecode,accuracy,8,60,0.3333333333333333,0.45,0.38625,0.05174533116888704,0.062172038160029065,0.0,1.0,0.125,0.01171875,True
within_session,alexmi,bd_sccnet,braindecode,accuracy,8,60,0.3333333333333333,0.45,0.4945833325,0.1245173212882194,0.06240720209073145,0.10774926648474346,0.2511943611203828,0.5,0.00390625,True
within_session,alexmi,bd_shallow,braindecode,accuracy,8,60,0.3333333333333333,0.45,0.44958333500000003,0.09589076870180076,0.06295435589091251,0.07233110393587658,0.431020542767807,0.5,0.0078125,True
within_session,alexmi,csp_lda,riemann/csp,accuracy,8,60,0.3333333333333333,0.45,0.6445833332500001,0.15181376607253727,0.058805750558892776,0.1399617921803388,0.15004353474030566,0.875,0.00390625,True
within_session,alexmi,csp_svm,riemann/csp,accuracy,8,60,0.3333333333333333,0.45,0.63874999425,0.15464180504231725,0.05889449816746679,0.1429878524642856,0.14504261813058686,0.75,0.00390625,True
within_session,alexmi,fgmdm,riemann/csp,accuracy,8,60,0.3333333333333333,0.45,0.65041666575,0.13817905960934856,0.05913605656137399,0.12488546484236618,0.18315562274396885,0.875,0.00390625,True
within_session,alexmi,fix_deepeeg,fixed control,accuracy,8,60,0.3333333333333333,0.45,0.3516666675,0.06344601313102531,0.060856711927419184,0.0179403789147652,0.9200433574602805,0.125,0.19140625,False
within_session,alexmi,grow_deep,growing,accuracy,8,60,0.3333333333333333,0.45,0.35125000225,0.06153944294528411,0.06067113999979279,0.010301252794753721,0.9719796878837981,0.0,0.23046875,False
within_session,alexmi,grow_eegnex,growing,accuracy,8,60,0.3333333333333333,0.45,0.35125000124999994,0.026363605967378235,0.06132667613881747,0.0,1.0,0.0,0.0546875,False
within_session,alexmi,grow_sccnet,growing,accuracy,8,60,0.3333333333333333,0.45,0.3525000015,0.027588241324250567,0.06141204852605369,0.0,1.0,0.0,0.0546875,False
within_session,alexmi,grow_shallow,growing,accuracy,8,60,0.3333333333333333,0.45,0.44499999775,0.10957348428091686,0.06255709775813088,0.08996086914620151,0.3259434368230998,0.5,0.01171875,True
within_session,alexmi,mdm,riemann/csp,accuracy,8,60,0.3333333333333333,0.45,0.6016666655,0.12837198022661192,0.061120060123023054,0.11288801334889231,0.22668723459797108,0.875,0.00390625,True
within_session,alexmi,ts_lr,riemann/csp,accuracy,8,60,0.3333333333333333,0.45,0.68708333275,0.13525328837565728,0.057409556233383806,0.12246466784144174,0.18016594921254683,1.0,0.00390625,True
within_session,alexmi,ts_svm,riemann/csp,accuracy,8,60,0.3333333333333333,0.45,0.64291666625,0.1407850718916594,0.05929044005750852,0.12769134733930368,0.1773601851790789,0.875,0.00390625,True
within_session,bnci2014_001,bd_deep4,braindecode,accuracy,18,288,0.25,0.2951388888888889,0.2720024201111111,0.026923468390723453,0.02615066180252242,0.006404376431502118,0.9434162550153236,0.16666666666666666,0.00041961669921875,True
within_session,bnci2014_001,bd_eegnex,braindecode,accuracy,18,288,0.25,0.2951388888888889,0.5541695223333334,0.18716346103276016,0.027131926034937155,0.1851864458738712,0.02101450253974552,0.8333333333333334,3.814697265625e-06,True
within_session,bnci2014_001,bd_sccnet,braindecode,accuracy,18,288,0.25,0.2951388888888889,0.6386677392222222,0.16649569660439376,0.026609913934012738,0.16435549722539483,0.025543529971993523,1.0,3.814697265625e-06,True
within_session,bnci2014_001,bd_shallow,braindecode,accuracy,18,288,0.25,0.2951388888888889,0.5292229623333333,0.1562149937236062,0.027981539615429676,0.1536885086947507,0.03208468517298751,0.8888888888888888,3.814697265625e-06,True
within_session,bnci2014_001,csp_lda,riemann/csp,accuracy,18,288,0.25,0.2951388888888889,0.6813530996666667,0.15845375121898542,0.025899059931178876,0.15632283892652835,0.026715478118239384,1.0,3.814697265625e-06,True
within_session,bnci2014_001,csp_svm,riemann/csp,accuracy,18,288,0.25,0.2951388888888889,0.6765187915555555,0.1618245306747915,0.02594687563251973,0.15973083100336982,0.02570877764570356,1.0,9.804667726686511e-05,True
within_session,bnci2014_001,fgmdm,riemann/csp,accuracy,18,288,0.25,0.2951388888888889,0.700886605888889,0.1567194959327515,0.025430477774420434,0.15464246249197022,0.02633073527789576,1.0,3.814697265625e-06,True
within_session,bnci2014_001,fix_deepeeg,fixed control,accuracy,18,288,0.25,0.2951388888888889,0.3974410157777778,0.1093276288366917,0.028086242618005262,0.10565838065509033,0.06599749142758903,0.7222222222222222,3.814697265625e-06,True
within_session,bnci2014_001,grow_deep,growing,accuracy,18,288,0.25,0.2951388888888889,0.3978013076666667,0.10936868213840095,0.028086016676677608,0.1057009191063539,0.06594689323776186,0.6666666666666666,7.62939453125e-06,True
within_session,bnci2014_001,grow_eegnex,growing,accuracy,18,288,0.25,0.2951388888888889,0.45644686377777777,0.1282321042956878,0.028308386833490202,0.12506841250685813,0.04873452134886685,0.8333333333333334,7.62939453125e-06,True
within_session,bnci2014_001,grow_sccnet,growing,accuracy,18,288,0.25,0.2951388888888889,0.6230879865555556,0.17540603291764156,0.02661135716402854,0.173375638582222,0.02301680269892054,1.0,3.814697265625e-06,True
within_session,bnci2014_001,grow_shallow,growing,accuracy,18,288,0.25,0.2951388888888889,0.5454305296666666,0.16470377782914053,0.02775460567117409,0.16234844100030194,0.02839638144014108,0.8888888888888888,3.814697265625e-06,True
within_session,bnci2014_001,mdm,riemann/csp,accuracy,18,288,0.25,0.2951388888888889,0.6136949655555556,0.1516646260941441,0.02733257546318298,0.14918139671831052,0.032478242050123785,1.0,3.814697265625e-06,True
within_session,bnci2014_001,ts_lr,riemann/csp,accuracy,18,288,0.25,0.2951388888888889,0.7250937656666666,0.15662317990897012,0.02471884003364973,0.15466027102067442,0.024908300681904628,1.0,3.814697265625e-06,True
within_session,bnci2014_001,ts_svm,riemann/csp,accuracy,18,288,0.25,0.2951388888888889,0.6936539612222223,0.168177079721924,0.025388190128336846,0.16624972164127613,0.022789241467229007,1.0,3.814697265625e-06,True
within_session,bnci2014_002,bd_deep4,braindecode,accuracy,14,160,0.5,0.56875,0.7026450941428571,0.1653666952200986,0.03373029819963155,0.16189011974602066,0.04160487933125445,0.5714285714285714,6.103515625e-05,True
within_session,bnci2014_002,bd_eegnex,braindecode,accuracy,14,160,0.5,0.56875,0.7471930784285714,0.17909761746408917,0.031354631834064374,0.17633162973177413,0.030649528252026135,0.8571428571428571,0.0001220703125,True
within_session,bnci2014_002,bd_sccnet,braindecode,accuracy,14,160,0.5,0.56875,0.8114508934285716,0.15430223002541937,0.02847851570904358,0.15165141718370848,0.034063580460035915,0.9285714285714286,6.103515625e-05,True
within_session,bnci2014_002,bd_shallow,braindecode,accuracy,14,160,0.5,0.56875,0.7414843705714287,0.1590349518227428,0.032354144049475356,0.1557091046281107,0.041388021518672734,0.7857142857142857,6.103515625e-05,True
within_session,bnci2014_002,csp_lda,riemann/csp,accuracy,14,160,0.5,0.56875,0.8452455385714285,0.1263760920146352,0.026888924382229624,0.12348239703884226,0.045270679889734086,1.0,6.103515625e-05,True
within_session,bnci2014_002,csp_svm,riemann/csp,accuracy,14,160,0.5,0.56875,0.841540174,0.12920605313534364,0.027102019525269836,0.12633164569681318,0.04399847126634966,1.0,6.103515625e-05,True
within_session,bnci2014_002,fgmdm,riemann/csp,accuracy,14,160,0.5,0.56875,0.8542633957142857,0.11072366326989584,0.02656249107857609,0.1074902957275951,0.057551508464303604,1.0,6.103515625e-05,True
within_session,bnci2014_002,fix_deepeeg,fixed control,accuracy,14,160,0.5,0.56875,0.6490959808571428,0.1464275757073767,0.03582195252036669,0.14197824708443235,0.059848430204421134,0.5,0.0001220703125,True
within_session,bnci2014_002,grow_deep,growing,accuracy,14,160,0.5,0.56875,0.6495535712857142,0.15685834867028545,0.03547163304551994,0.15279497634625563,0.05113839444979814,0.5714285714285714,0.0008544921875,True
within_session,bnci2014_002,grow_eegnex,growing,accuracy,14,160,0.5,0.56875,0.7007812468571428,0.1603049782789345,0.033711357214325194,0.15672022988682038,0.04422404424016004,0.8571428571428571,0.00018310546875,True
within_session,bnci2014_002,grow_sccnet,growing,accuracy,14,160,0.5,0.56875,0.7357812502857143,0.1490329642704285,0.03277792662578749,0.14538374037472454,0.04837247157686848,0.7857142857142857,6.103515625e-05,True
within_session,bnci2014_002,grow_shallow,growing,accuracy,14,160,0.5,0.56875,0.7506473168571429,0.16253974676596253,0.03180246875952973,0.15939815638689916,0.03828269573996905,0.7857142857142857,6.103515625e-05,True
within_session,bnci2014_002,mdm,riemann/csp,accuracy,14,160,0.5,0.56875,0.7848325889999997,0.13414971999386252,0.03080555419018125,0.1305647931314852,0.05273251820067186,1.0,6.103515625e-05,True
within_session,bnci2014_002,ts_lr,riemann/csp,accuracy,14,160,0.5,0.56875,0.8676004462857144,0.10828359329247786,0.02547099014697572,0.10524526230317173,0.05533072205167829,1.0,6.103515625e-05,True
within_session,bnci2014_002,ts_svm,riemann/csp,accuracy,14,160,0.5,0.56875,0.857477677857143,0.1174777012594332,0.026121595968796114,0.1145367736460374,0.04944114680453458,1.0,6.103515625e-05,True
within_session,bnci2014_004,bd_deep4,braindecode,roc_auc,41,160,0.5,0.57546875,0.7387156410731708,0.17994062370185473,0.038744818292110315,0.17571985406812696,0.0463627100502763,0.6829268292682927,1.687112671788782e-10,True
within_session,bnci2014_004,bd_eegnex,braindecode,roc_auc,41,160,0.5,0.57546875,0.7782893039024391,0.17968455954009915,0.03619060541977635,0.17600221878280256,0.04056674647187524,0.7560975609756098,4.547473508864641e-12,True
within_session,bnci2014_004,bd_sccnet,braindecode,roc_auc,41,160,0.5,0.57546875,0.8218550020487804,0.17592278578606546,0.03303933041793103,0.172792445449055,0.0352710417758088,0.8292682926829268,9.094947017729282e-13,True
within_session,bnci2014_004,bd_shallow,braindecode,roc_auc,41,160,0.5,0.57546875,0.7862694868292683,0.1822849459675944,0.03559791137863789,0.1787752506134097,0.03813707908162994,0.7317073170731707,6.366462912410498e-12,True
within_session,bnci2014_004,csp_lda,riemann/csp,roc_auc,41,160,0.5,0.57546875,0.7963636546829269,0.15532049489619132,0.03576982188313559,0.15114554567451383,0.053036642583858616,0.9024390243902439,2.2737367544323206e-12,True
within_session,bnci2014_004,csp_svm,riemann/csp,roc_auc,41,160,0.5,0.57546875,0.7804802436097561,0.16286876734491743,0.036788620784481675,0.1586594868176134,0.051021285154764305,0.8780487804878049,4.547473508864641e-12,True
within_session,bnci2014_004,fgmdm,riemann/csp,roc_auc,41,160,0.5,0.57546875,0.7911873583414635,0.15615109119076032,0.036138415473049273,0.15191174479664965,0.053560937024543356,0.8780487804878049,2.2737367544323206e-12,True
within_session,bnci2014_004,fix_deepeeg,fixed control,roc_auc,41,160,0.5,0.57546875,0.6886641273658537,0.1677247159251992,0.04172546908460897,0.16245173302202137,0.06188826755454444,0.6097560975609756,9.094947017729282e-13,True
within_session,bnci2014_004,grow_deep,growing,roc_auc,41,160,0.5,0.57546875,0.6987791366829268,0.17452148870192277,0.04100649738325671,0.16963554224009872,0.0552087014506549,0.6341463414634146,9.413270163349807e-11,True
within_session,bnci2014_004,grow_eegnex,growing,roc_auc,41,160,0.5,0.57546875,0.7253563498536586,0.16832571672022192,0.039713981360174934,0.1635736732909672,0.05566547388228265,0.7073170731707317,6.366462912410498e-12,True
within_session,bnci2014_004,grow_sccnet,growing,roc_auc,41,160,0.5,0.57546875,0.6730549176097561,0.1251679034666347,0.04322328440410652,0.11746808819230227,0.11924757967344361,0.7073170731707317,6.230038707144558e-11,True
within_session,bnci2014_004,grow_shallow,growing,roc_auc,41,160,0.5,0.57546875,0.7874437978536585,0.18330977779059757,0.035479162091711786,0.17984355337600597,0.03746066194392264,0.7560975609756098,1.9554136088117957e-11,True
within_session,bnci2014_004,mdm,riemann/csp,roc_auc,41,160,0.5,0.57546875,0.7748717975609756,0.1634494842220062,0.037100942591389026,0.1591830831189995,0.05152319403656986,0.8292682926829268,6.366462912410498e-12,True
within_session,bnci2014_004,ts_lr,riemann/csp,roc_auc,41,160,0.5,0.57546875,0.7987441645365854,0.15493234427733465,0.03560778097162646,0.15078500335758602,0.0528208803639816,0.9024390243902439,2.2737367544323206e-12,True
within_session,bnci2014_004,ts_svm,riemann/csp,roc_auc,41,160,0.5,0.57546875,0.7822115705853658,0.1580402050920402,0.03680334645886331,0.1536952182566621,0.05422998082671185,0.926829268292683,1.3642420526593924e-12,True
within_session,bnci2015_001,bd_deep4,braindecode,accuracy,28,200,0.5,0.565,0.7402535714285713,0.17738487968913258,0.028376245565030274,0.17510049751488754,0.025590376300329988,0.8214285714285714,7.078051567077637e-08,True
within_session,bnci2015_001,bd_eegnex,braindecode,accuracy,28,200,0.5,0.565,0.877525,0.1417086124176415,0.02085194755335026,0.1401660697764108,0.021652136523040197,0.9642857142857143,3.725290298461914e-09,True
within_session,bnci2015_001,bd_sccnet,braindecode,accuracy,28,200,0.5,0.565,0.8938392857142857,0.11184351283124946,0.02026876251470474,0.10999158435333298,0.03284224753373858,1.0,3.725290298461914e-09,True
within_session,bnci2015_001,bd_shallow,braindecode,accuracy,28,200,0.5,0.565,0.8196321428571427,0.15199660584312627,0.024964965038088576,0.14993238045358215,0.026977030582645084,0.9285714285714286,3.725290298461914e-09,True
within_session,bnci2015_001,csp_lda,riemann/csp,accuracy,28,200,0.5,0.565,0.8875285714285714,0.10441144699959994,0.02109737127238579,0.10225776835989224,0.04082822150606759,1.0,3.725290298461914e-09,True
within_session,bnci2015_001,csp_svm,riemann/csp,accuracy,28,200,0.5,0.565,0.8921910714285713,0.10233322480411494,0.020716070909149224,0.10021443660918634,0.040980896749423644,1.0,3.725290298461914e-09,True
within_session,bnci2015_001,fgmdm,riemann/csp,accuracy,28,200,0.5,0.565,0.9030214285714286,0.09456311377472977,0.019847116308082276,0.09245687892756245,0.044050546533715304,1.0,3.725290298461914e-09,True
within_session,bnci2015_001,fix_deepeeg,fixed control,accuracy,28,200,0.5,0.565,0.7012875000000002,0.17454534995185297,0.02983942860937068,0.17197583461079957,0.029225667477139564,0.75,1.862645149230957e-08,True
within_session,bnci2015_001,grow_deep,growing,accuracy,28,200,0.5,0.565,0.7031,0.17464558184866646,0.029695695128225025,0.1721024257531275,0.028911577247903046,0.7142857142857143,3.725290298461914e-09,True
within_session,bnci2015_001,grow_eegnex,growing,accuracy,28,200,0.5,0.565,0.8434839285714285,0.14993067351870493,0.023172187398624203,0.14812918886207246,0.023886530878902183,1.0,3.725290298461914e-09,True
within_session,bnci2015_001,grow_sccnet,growing,accuracy,28,200,0.5,0.565,0.8514178571428571,0.14225404844482215,0.022846401891703377,0.14040746497086462,0.025793267045235924,0.9642857142857143,3.725290298461914e-09,True
within_session,bnci2015_001,grow_shallow,growing,accuracy,28,200,0.5,0.565,0.8320428571428572,0.15134558058266773,0.02417033804036861,0.1494030773475536,0.025505037202151255,0.9285714285714286,3.725290298461914e-09,True
within_session,bnci2015_001,mdm,riemann/csp,accuracy,28,200,0.5,0.565,0.8574464285714286,0.13257713473083943,0.022888591917315994,0.1305864043975548,0.029805807671768426,1.0,3.725290298461914e-09,True
within_session,bnci2015_001,ts_lr,riemann/csp,accuracy,28,200,0.5,0.565,0.9110535714285716,0.0858146472956464,0.019203072714242115,0.08363848210487636,0.05007472917700945,1.0,3.725290298461914e-09,True
within_session,bnci2015_001,ts_svm,riemann/csp,accuracy,28,200,0.5,0.565,0.908175,0.09018209818657656,0.019410089278824528,0.0880684919112471,0.046324889823795706,1.0,1.8934412557255593e-06,True
within_session,cho2017,bd_deep4,braindecode,roc_auc,52,200,0.5,0.5673685359734585,0.611554968076923,0.1122836750731675,0.03823971406438776,0.10557153004579653,0.1159834531804184,0.6153846153846154,5.646605998034201e-09,True
within_session,cho2017,bd_eegnex,braindecode,roc_auc,52,200,0.5,0.5673685359734585,0.7344448183846153,0.151816539564846,0.032922220809573,0.14820387667807536,0.04702621993045029,0.7884615384615384,2.2126358801624931e-10,True
within_session,cho2017,bd_sccnet,braindecode,roc_auc,52,200,0.5,0.5673685359734585,0.7384611643076925,0.13890165447676134,0.0331447050801992,0.1348892069126667,0.056939477906298504,0.9230769230769231,1.7519324821041317e-10,True
within_session,cho2017,bd_shallow,braindecode,roc_auc,52,200,0.5,0.5673685359734585,0.6984463677307692,0.13377194493416195,0.03507084233304597,0.12909287071530745,0.06873252694856734,0.8461538461538461,2.2126358801624931e-10,True
within_session,cho2017,csp_lda,riemann/csp,roc_auc,52,200,0.5,0.5673685359734585,0.7097115384230768,0.14443923862142807,0.034341033488954134,0.14029749489013826,0.05652705257882582,0.7692307692307693,3.5156457455876613e-10,True
within_session,cho2017,csp_svm,riemann/csp,roc_auc,52,200,0.5,0.5673685359734585,0.7101325854615385,0.14335813018553856,0.034352477704472265,0.13918139518577027,0.05742109592803306,0.7884615384615384,4.95749214141123e-10,True
within_session,cho2017,fgmdm,riemann/csp,roc_auc,52,200,0.5,0.5673685359734585,0.7333231298846155,0.1259651631115724,0.03375041768751397,0.12135951393954816,0.07178891624964466,0.9038461538461539,1.7515663099002766e-10,True
within_session,cho2017,fix_deepeeg,fixed control,roc_auc,52,200,0.5,0.5673685359734585,0.571327457576923,0.0823266449041889,0.03937624493648113,0.07229929319075433,0.228764042393921,0.38461538461538464,2.3252789497141245e-08,True
within_session,cho2017,grow_deep,growing,roc_auc,52,200,0.5,0.5673685359734585,0.5800057154615385,0.09801813162520054,0.03900069057651386,0.08992497017986807,0.15831853198970286,0.38461538461538464,7.413662280015277e-08,True
within_session,cho2017,grow_eegnex,growing,roc_auc,52,200,0.5,0.5673685359734585,0.6943004274230771,0.14497223675772875,0.034816135203076026,0.14072947864630242,0.0576755096873155,0.6923076923076923,3.8315307513529264e-10,True
within_session,cho2017,grow_sccnet,growing,roc_auc,52,200,0.5,0.5673685359734585,0.7530950855384615,0.13945490963741614,0.032367218860676096,0.13564672854589968,0.053869525687432654,0.9230769230769231,1.7519324821041317e-10,True
within_session,cho2017,grow_shallow,growing,roc_auc,52,200,0.5,0.5673685359734585,0.7216811430384618,0.14245498528740325,0.03387971450492041,0.13836758210758532,0.05656192473628055,0.8653846153846154,2.087443005243105e-10,True
within_session,cho2017,mdm,riemann/csp,roc_auc,52,200,0.5,0.5673685359734585,0.6297405979615386,0.12880970195188848,0.037405912562928106,0.12325882127567553,0.0843302442190917,0.6346153846153846,2.4480482775648987e-08,True
within_session,cho2017,ts_lr,riemann/csp,roc_auc,52,200,0.5,0.5673685359734585,0.7502459938461539,0.13617577509531117,0.03263658183399019,0.13220701664057785,0.05743936395318868,0.8846153846153846,1.7519324821041317e-10,True
within_session,cho2017,ts_svm,riemann/csp,roc_auc,52,200,0.5,0.5673685359734585,0.6788606838076924,0.15991910130813983,0.03511972042944722,0.15601514093241256,0.048228240621590236,0.7307692307692307,9.60509303441667e-09,True
within_session,lee2019_mi,bd_deep4,braindecode,roc_auc,108,100,0.5,0.596,0.5786777777777777,0.11565263437555685,0.05516400547323383,0.10164873013547815,0.22751001879448057,0.32407407407407407,1.3496549080101549e-11,True
within_session,lee2019_mi,bd_eegnex,braindecode,roc_auc,108,100,0.5,0.596,0.6488629629629629,0.14309722372522737,0.051961385707131505,0.13332977849401267,0.13185573766574107,0.5370370370370371,9.506172860930141e-18,True
within_session,lee2019_mi,bd_sccnet,braindecode,roc_auc,108,100,0.5,0.596,0.6996259259259259,0.14635535066187005,0.049408815083667734,0.13776304896229205,0.11397029395825864,0.7314814814814815,3.260278122606626e-19,True
within_session,lee2019_mi,bd_shallow,braindecode,roc_auc,108,100,0.5,0.596,0.6465703703703702,0.12789760160791835,0.052670083038502125,0.1165489547348027,0.169591157817722,0.6111111111111112,1.331457389680218e-18,True
within_session,lee2019_mi,csp_lda,riemann/csp,roc_auc,108,100,0.5,0.596,0.7807185185185186,0.1595721827983134,0.04312255897243456,0.15363504297746414,0.07302888634562252,0.8425925925925926,1.103896229316557e-19,True
within_session,lee2019_mi,csp_svm,riemann/csp,roc_auc,108,100,0.5,0.596,0.7718962962962963,0.16254001947237368,0.04374514364349439,0.15654271090564917,0.07243343463523962,0.8333333333333334,2.0371530800937038e-19,True
within_session,lee2019_mi,fgmdm,riemann/csp,roc_auc,108,100,0.5,0.596,0.8146814814814816,0.1423710593216337,0.040539925853529696,0.13647722500166265,0.08108162932363432,0.9259259259259259,1.0740589076269297e-19,True
within_session,lee2019_mi,fix_deepeeg,fixed control,roc_auc,108,100,0.5,0.596,0.5465148148148148,0.08006541346096745,0.0565314783499433,0.05669799280614402,0.4985294102817052,0.17592592592592593,9.767425748364477e-10,True
within_session,lee2019_mi,grow_deep,growing,roc_auc,108,100,0.5,0.596,0.5514796296296297,0.09040382482941071,0.056207448572612215,0.0708065976357001,0.38655752623386563,0.2037037037037037,5.583030518288592e-09,True
within_session,lee2019_mi,grow_eegnex,growing,roc_auc,108,100,0.5,0.596,0.6102518518518517,0.1139445556937212,0.05417319600665973,0.10024283818140604,0.22603815691640808,0.42592592592592593,1.1388550769611467e-17,True
within_session,lee2019_mi,grow_sccnet,growing,roc_auc,108,100,0.5,0.596,0.6812481481481482,0.14532201786048551,0.050315711076196035,0.13633348119203895,0.11987935292543743,0.6851851851851852,4.2922044193954213e-19,True
within_session,lee2019_mi,grow_shallow,growing,roc_auc,108,100,0.5,0.596,0.6772592592592592,0.14541006215233906,0.05067219180498383,0.1362953232977054,0.12143684059229416,0.6851851851851852,1.1470650756498638e-18,True
within_session,lee2019_mi,mdm,riemann/csp,roc_auc,108,100,0.5,0.596,0.6961833333333334,0.1409206898972663,0.049888133309293925,0.131794593956033,0.12532709891868554,0.7407407407407407,3.6402064812715923e-19,True
within_session,lee2019_mi,ts_lr,riemann/csp,roc_auc,108,100,0.5,0.596,0.8282333333333333,0.13400458215069802,0.03941016756859017,0.12807836167596312,0.0864922639814453,0.9351851851851852,9.601076517959301e-20,True
within_session,lee2019_mi,ts_svm,riemann/csp,roc_auc,108,100,0.5,0.596,0.7491666666666666,0.14858564728613347,0.04622169764505371,0.14121348818809235,0.0967694034131813,0.8518518518518519,1.2876638800279422e-19,True
within_session,physionetmi,bd_deep4,braindecode,roc_auc,109,45,0.5,0.6462450592885376,0.5265122328623854,0.10052734865199771,0.08407350141035448,0.05511255925470553,0.6994389490416347,0.13761467889908258,0.018650373036274145,True
within_session,physionetmi,bd_eegnex,braindecode,roc_auc,109,45,0.5,0.6462450592885376,0.5522023449724771,0.11580097643235948,0.08293200186475869,0.08082171248737272,0.5128848312215716,0.1834862385321101,7.585460292287297e-05,True
within_session,physionetmi,bd_sccnet,braindecode,roc_auc,109,45,0.5,0.6462450592885376,0.6059143733944955,0.13797124308223022,0.07999164135923376,0.11241619647680481,0.33613370468931586,0.3394495412844037,1.8044840919870836e-11,True
within_session,physionetmi,bd_shallow,braindecode,roc_auc,109,45,0.5,0.6462450592885376,0.5696574925137614,0.11571807721624322,0.08243566211805019,0.0812098208702808,0.5074904143035395,0.23853211009174313,4.6673643952565815e-08,True
within_session,physionetmi,csp_lda,riemann/csp,roc_auc,109,45,0.5,0.6462450592885376,0.6455779816146787,0.1704279904846038,0.07587494645099775,0.15260633159105302,0.19820515638153524,0.42201834862385323,5.523479597343541e-13,True
within_session,physionetmi,csp_svm,riemann/csp,roc_auc,109,45,0.5,0.6462450592885376,0.6518735982568806,0.17145829098711424,0.07545485899982644,0.1539626896411538,0.19366781047147164,0.44036697247706424,1.5769814944910651e-13,True
within_session,physionetmi,fgmdm,riemann/csp,roc_auc,109,45,0.5,0.6462450592885376,0.6810856271192659,0.18201163819194777,0.07283906243101071,0.16680140113766379,0.16015126630321894,0.5137614678899083,1.6570671034255456e-14,True
within_session,physionetmi,fix_deepeeg,fixed control,roc_auc,109,45,0.5,0.6462450592885376,0.5033985733944953,0.061443676780389776,0.0853011750949279,0.0,1.0,0.027522935779816515,0.4451443406581209,False
within_session,physionetmi,grow_deep,growing,roc_auc,109,45,0.5,0.6462450592885376,0.5108389402752294,0.06273081050715076,0.08510497756232699,0.0,1.0,0.009174311926605505,0.05131437013078457,False
within_session,physionetmi,grow_eegnex,growing,roc_auc,109,45,0.5,0.6462450592885376,0.526449541559633,0.08915854828299617,0.08430946254242828,0.02900278017256693,0.8941835263007528,0.09174311926605505,0.004992492659453167,True
within_session,physionetmi,grow_sccnet,growing,roc_auc,109,45,0.5,0.6462450592885376,0.5907431191926606,0.12784438040606236,0.08098281907440051,0.0989240547903941,0.4012568839570277,0.27522935779816515,1.0522259571498667e-10,True
within_session,physionetmi,grow_shallow,growing,roc_auc,109,45,0.5,0.6462450592885376,0.5913950054678899,0.13050443788169672,0.08106975493196628,0.1022697567323232,0.38589323010347826,0.29357798165137616,4.0018006273638436e-10,True
within_session,physionetmi,mdm,riemann/csp,roc_auc,109,45,0.5,0.6462450592885376,0.5365948013027523,0.16502432125312755,0.07996677549034421,0.14435491478551166,0.2348136061063455,0.22018348623853212,0.10645340304702039,False
within_session,physionetmi,ts_lr,riemann/csp,roc_auc,109,45,0.5,0.6462450592885376,0.6656834863853212,0.1870149033935768,0.07344918602406703,0.17198776457559664,0.15424870974879434,0.45871559633027525,9.563690595814545e-13,True
within_session,physionetmi,ts_svm,riemann/csp,roc_auc,109,45,0.5,0.6462450592885376,0.5529235473944955,0.18544822012787146,0.07826219495570125,0.16812516524694118,0.17809786330987243,0.25688073394495414,0.025347180086665463,True
within_session,schirrmeister2017,bd_deep4,braindecode,accuracy,14,1040,0.25,0.28541666666666665,0.6715367877142856,0.15685366844410753,0.014759438704975664,0.1561577160228981,0.008854220291544033,1.0,6.103515625e-05,True
within_session,schirrmeister2017,bd_eegnex,braindecode,accuracy,14,1040,0.25,0.28541666666666665,0.8048906831428572,0.11733498409546465,0.012778792177219334,0.11663704798722566,0.011861089332630057,1.0,6.103515625e-05,True
within_session,schirrmeister2017,bd_sccnet,braindecode,accuracy,14,1040,0.25,0.28541666666666665,0.8347992537142855,0.10178818503714218,0.012016822063266703,0.10107636024637652,0.013937488425580968,1.0,6.103515625e-05,True
within_session,schirrmeister2017,bd_shallow,braindecode,accuracy,14,1040,0.25,0.28541666666666665,0.8028212149999999,0.106582833085486,0.012864718707212746,0.10580358841321431,0.01456887674370328,1.0,6.103515625e-05,True
within_session,schirrmeister2017,csp_lda,riemann/csp,accuracy,14,1040,0.25,0.28541666666666665,0.7595246368571429,0.11352384625224654,0.013737375931089079,0.1126896098601448,0.014643111609286876,1.0,6.103515625e-05,True
within_session,schirrmeister2017,csp_svm,riemann/csp,accuracy,14,1040,0.25,0.28541666666666665,0.759904609,0.11301105976538021,0.013740143340665865,0.11217267087072633,0.014782253024461449,1.0,6.103515625e-05,True
within_session,schirrmeister2017,fgmdm,riemann/csp,accuracy,14,1040,0.25,0.28541666666666665,0.8284558652857142,0.10584076631750473,0.01197499922530045,0.10516114875861093,0.012801033578046595,1.0,6.103515625e-05,True
within_session,schirrmeister2017,fix_deepeeg,fixed control,accuracy,14,1040,0.25,0.28541666666666665,0.7392656605714286,0.12848242859704576,0.014064071180369137,0.12771036120858978,0.011982146833498191,1.0,6.103515625e-05,True
within_session,schirrmeister2017,grow_deep,growing,accuracy,14,1040,0.25,0.28541666666666665,0.7268726670000001,0.12283616515549979,0.01428675641600737,0.12200250842183079,0.013527413985329686,1.0,6.103515625e-05,True
within_session,schirrmeister2017,grow_eegnex,growing,accuracy,14,1040,0.25,0.28541666666666665,0.7501067731428571,0.10811679378364379,0.013992973802199157,0.10720745208345324,0.01675072951156879,1.0,6.103515625e-05,True
within_session,schirrmeister2017,grow_sccnet,growing,accuracy,14,1040,0.25,0.28541666666666665,0.8400051927142856,0.10375970879803736,0.011866058435677174,0.10307896888820049,0.013078425927799777,1.0,6.103515625e-05,True
within_session,schirrmeister2017,grow_shallow,growing,accuracy,14,1040,0.25,0.28541666666666665,0.8045973558571428,0.10780874615730161,0.012804658875220627,0.10704562793079747,0.014106784627422356,1.0,6.103515625e-05,True
within_session,schirrmeister2017,mdm,riemann/csp,accuracy,14,1040,0.25,0.28541666666666665,0.506013389,0.09688515913394577,0.01617715350221321,0.09552504260651144,0.02787980289522963,1.0,6.103515625e-05,True
within_session,schirrmeister2017,ts_lr,riemann/csp,accuracy,14,1040,0.25,0.28541666666666665,0.8456782727142859,0.09630485003306576,0.011534071896788541,0.0956116589405863,0.014343957503149731,1.0,6.103515625e-05,True
within_session,schirrmeister2017,ts_svm,riemann/csp,accuracy,14,1040,0.25,0.28541666666666665,0.7246796272857141,0.1274773956140452,0.014261220196634304,0.12667716444191077,0.012515465481098349,1.0,6.103515625e-05,True
within_session,shin2017a,bd_deep4,braindecode,roc_auc,87,20,0.5,0.73,0.5296551724137931,0.12813009627629354,0.12192326174785668,0.039395936548531,0.9054632748861764,0.05747126436781609,0.018707554107768695,True
within_session,shin2017a,bd_eegnex,braindecode,roc_auc,87,20,0.5,0.73,0.5502298850574713,0.12387143571005525,0.1222464832528891,0.019998247852535865,0.9739359709674437,0.06896551724137931,0.0002271174267953892,True
within_session,shin2017a,bd_sccnet,braindecode,roc_auc,87,20,0.5,0.73,0.567471264367816,0.1446424492261875,0.12056262516271167,0.07991302479587235,0.6947584818996976,0.14942528735632185,3.550390482394311e-05,True
within_session,shin2017a,bd_shallow,braindecode,roc_auc,87,20,0.5,0.73,0.5391954022988504,0.12074592188986734,0.12267712581042423,0.0,1.0,0.06896551724137931,0.001528273178719556,True
within_session,shin2017a,csp_lda,riemann/csp,roc_auc,87,20,0.5,0.73,0.6747126436781609,0.2281260314686322,0.10197009659533966,0.20406760064734544,0.199800223863402,0.42528735632183906,6.383849552806329e-09,True
within_session,shin2017a,csp_svm,riemann/csp,roc_auc,87,20,0.5,0.73,0.6413793103448275,0.22705993683562478,0.10626972701876586,0.2006563231875709,0.21904740096004455,0.3563218390804598,5.753317665308036e-07,True
within_session,shin2017a,fgmdm,riemann/csp,roc_auc,87,20,0.5,0.73,0.6771264367816091,0.23883879961167648,0.1008867149767079,0.2164852025916669,0.17842602585801406,0.47126436781609193,1.0546441981379978e-08,True
within_session,shin2017a,fix_deepeeg,fixed control,roc_auc,87,20,0.5,0.73,0.5043678160919541,0.09515838876395413,0.12459043364178927,0.0,1.0,0.011494252873563218,0.3523360812149026,False
within_session,shin2017a,grow_deep,growing,roc_auc,87,20,0.5,0.73,0.5149425287356322,0.0974664350480359,0.1252405921682079,0.0,1.0,0.022988505747126436,0.09987361372886833,False
within_session,shin2017a,grow_eegnex,growing,roc_auc,87,20,0.5,0.73,0.52,0.09994184355425537,0.12380942492469377,0.0,1.0,0.034482758620689655,0.05267601652846318,False
within_session,shin2017a,grow_sccnet,growing,roc_auc,87,20,0.5,0.73,0.5528735632183909,0.12220748698162948,0.12166770294956955,0.011473444702461604,0.9911856147844018,0.09195402298850575,4.166454147929792e-05,True
within_session,shin2017a,grow_shallow,growing,roc_auc,87,20,0.5,0.73,0.5543103448275862,0.14517465906943341,0.12076875464529116,0.08056419513252579,0.6920341818844121,0.14942528735632185,0.0008417914786130245,True
within_session,shin2017a,mdm,riemann/csp,roc_auc,87,20,0.5,0.73,0.5536781609195403,0.2089236810835686,0.11396458180030687,0.17510333695446764,0.2975530895418273,0.22988505747126436,0.01593258701268083,True
within_session,shin2017a,ts_lr,riemann/csp,roc_auc,87,20,0.5,0.73,0.6452873563218392,0.23811683218225266,0.10442428241885225,0.21399811917355457,0.19231927214496963,0.40229885057471265,1.0634225653027358e-06,True
within_session,shin2017a,ts_svm,riemann/csp,roc_auc,87,20,0.5,0.73,0.5645977011494253,0.22698634626338798,0.11159654709599122,0.19765882744328644,0.24171413408752038,0.27586206896551724,0.009628150237469851,True
within_session,weibo2014,bd_deep4,braindecode,roc_auc,10,160,0.5,0.57546875,0.6066779341999999,0.14652822573154864,0.04278303748923328,0.14014325755893692,0.08525122898779113,0.3,0.0029296875,True
within_session,weibo2014,bd_eegnex,braindecode,roc_auc,10,160,0.5,0.57546875,0.642081629,0.16899244207970007,0.0408923668097719,0.16397030163037407,0.05855310522669862,0.5,0.0048828125,True
within_session,weibo2014,bd_sccnet,braindecode,roc_auc,10,160,0.5,0.57546875,0.7042837984,0.16397223326591664,0.03864206899835866,0.15935395754652054,0.05553670633497059,0.7,0.0009765625,True
within_session,weibo2014,bd_shallow,braindecode,roc_auc,10,160,0.5,0.57546875,0.6678992386,0.14375896246455155,0.04087503880362907,0.1378255074058723,0.08084375857359709,0.7,0.0009765625,True
within_session,weibo2014,csp_lda,riemann/csp,roc_auc,10,160,0.5,0.57546875,0.8076619902,0.17379130208359928,0.03171851335744408,0.17087232833407082,0.033309611964379295,0.9,0.001953125,True
within_session,weibo2014,csp_svm,riemann/csp,roc_auc,10,160,0.5,0.57546875,0.8061540204,0.1763352713899112,0.031723893496697214,0.17345812900398716,0.032366414026991384,0.9,0.001953125,True
within_session,weibo2014,fgmdm,riemann/csp,roc_auc,10,160,0.5,0.57546875,0.7866677322,0.16707172685319638,0.03350747347187645,0.16367715520267498,0.040223276266395824,0.9,0.001953125,True
within_session,weibo2014,fix_deepeeg,fixed control,roc_auc,10,160,0.5,0.57546875,0.5641033114,0.10420244670592756,0.04431637588101522,0.09430911264705148,0.18087254176860837,0.3,0.0322265625,True
within_session,weibo2014,grow_deep,growing,roc_auc,10,160,0.5,0.57546875,0.574981825,0.11128365798607556,0.0440936828392495,0.10217533786796848,0.15699649697632007,0.2,0.009765625,True
within_session,weibo2014,grow_eegnex,growing,roc_auc,10,160,0.5,0.57546875,0.5927758274,0.14356315898600883,0.04300604865266249,0.13697029019946944,0.08973731514187218,0.3,0.0185546875,True
within_session,weibo2014,grow_sccnet,growing,roc_auc,10,160,0.5,0.57546875,0.7138813806,0.1662467798092121,0.038023094848302186,0.16184015587946543,0.05231044833016552,0.7,0.0009765625,True
within_session,weibo2014,grow_shallow,growing,roc_auc,10,160,0.5,0.57546875,0.684846621,0.15778798784196696,0.03975572193764459,0.15269751694259276,0.0634821187031833,0.7,0.0009765625,True
within_session,weibo2014,mdm,riemann/csp,roc_auc,10,160,0.5,0.57546875,0.6028341886,0.14112675279873035,0.0427713737001645,0.13448929305827592,0.09185180599377235,0.5,0.0322265625,True
within_session,weibo2014,ts_lr,riemann/csp,roc_auc,10,160,0.5,0.57546875,0.8336980255999998,0.15862766141200205,0.030053722955045437,0.15575464263251396,0.03589539311658691,0.9,0.0009765625,True
within_session,weibo2014,ts_svm,riemann/csp,roc_auc,10,160,0.5,0.57546875,0.6693861632,0.1959457198579865,0.03901334867975668,0.19202261261491121,0.03964193961614458,0.5,0.0185546875,True
within_session,zhou2016,bd_deep4,braindecode,accuracy,12,150,0.3333333333333333,0.39664804469273746,0.3779988329999999,0.040268111556377405,0.03949919715479145,0.00783161748579248,0.9621748718060327,0.16666666666666666,0.000244140625,True
within_session,zhou2016,bd_eegnex,braindecode,accuracy,12,150,0.3333333333333333,0.39664804469273746,0.6189611153333333,0.10562048871135249,0.03840067934792683,0.0983924563228434,0.1321847852456194,1.0,0.000244140625,True
within_session,zhou2016,bd_sccnet,braindecode,accuracy,12,150,0.3333333333333333,0.39664804469273746,0.7935824676666666,0.049894766777927854,0.03275053158048562,0.037641605080275566,0.43085061094138527,1.0,0.000244140625,True
within_session,zhou2016,bd_shallow,braindecode,accuracy,12,150,0.3333333333333333,0.39664804469273746,0.687684183,0.05398702722724429,0.03759013437609244,0.038750237501498364,0.4848070522389549,1.0,0.000244140625,True
within_session,zhou2016,csp_lda,riemann/csp,accuracy,12,150,0.3333333333333333,0.39664804469273746,0.8219487353333333,0.05857161656900403,0.03087824446453824,0.04977115918174542,0.27792702656841867,1.0,0.000244140625,True
within_session,zhou2016,csp_svm,riemann/csp,accuracy,12,150,0.3333333333333333,0.39664804469273746,0.8128312893333334,0.05527607024613837,0.031544448740467856,0.04539153770821186,0.32566535838178773,1.0,0.000244140625,True
within_session,zhou2016,fgmdm,riemann/csp,accuracy,12,150,0.3333333333333333,0.39664804469273746,0.8227982893333334,0.06063420598347693,0.030756022837706558,0.0522548944545215,0.25729121621527723,1.0,0.000244140625,True
within_session,zhou2016,fix_deepeeg,fixed control,accuracy,12,150,0.3333333333333333,0.39664804469273746,0.41747476683333334,0.07370598571985386,0.03982675285506003,0.062019368651714514,0.2919740679651381,0.5,0.001220703125,True
within_session,zhou2016,grow_deep,growing,accuracy,12,150,0.3333333333333333,0.39664804469273746,0.42700998650000005,0.06783007915326306,0.03995768995740235,0.054811519329480723,0.3470212723488198,0.5833333333333334,0.00048828125,True
within_session,zhou2016,grow_eegnex,growing,accuracy,12,150,0.3333333333333333,0.39664804469273746,0.44752656516666667,0.040058214939116654,0.04016453836632194,0.0,1.0,0.8333333333333334,0.000244140625,True
within_session,zhou2016,grow_sccnet,growing,accuracy,12,150,0.3333333333333333,0.39664804469273746,0.4760687281666667,0.05623118106442645,0.04036853961849039,0.03914494517777082,0.5153848716035097,0.8333333333333334,0.000244140625,True
within_session,zhou2016,grow_shallow,growing,accuracy,12,150,0.3333333333333333,0.39664804469273746,0.7203849588333334,0.05781622419091929,0.03626893372813869,0.04502532871527452,0.39352300359089526,1.0,0.000244140625,True
within_session,zhou2016,mdm,riemann/csp,accuracy,12,150,0.3333333333333333,0.39664804469273746,0.7618535016666667,0.07545911841828379,0.03422331281448204,0.06725208853609443,0.20569353394166706,1.0,0.000244140625,True
within_session,zhou2016,ts_lr,riemann/csp,accuracy,12,150,0.3333333333333333,0.39664804469273746,0.8450058885000001,0.0461360358370719,0.029303203004551057,0.03563504028949108,0.4034127647926847,1.0,0.000244140625,True
within_session,zhou2016,ts_svm,riemann/csp,accuracy,12,150,0.3333333333333333,0.39664804469273746,0.8103804741666667,0.053556770974773814,0.031697299452792455,0.04316953699826277,0.35028033462133057,1.0,0.000244140625,True
