subject,params_probe,width_probe,k_probe,ceil_frac,acc_probe,dataset
1,45008.125,38.8125,32,0.875,0.6754184283333333,bnci2014_001
2,45851.9756097561,39.74390243902439,82,0.9634146341463414,0.46399475333333334,bnci2014_001
3,45983.333333333336,39.888888888888886,90,0.9666666666666667,0.7853095533333333,bnci2014_001
4,44423.0,38.166666666666664,30,0.8666666666666667,0.5035289283333334,bnci2014_001
5,41116.1,34.516666666666666,60,0.7333333333333333,0.33576325500000004,bnci2014_001
6,46084.0,40.0,1,1.0,0.4494857833333333,bnci2014_001
7,46084.0,40.0,78,1.0,0.6625731033333333,bnci2014_001
8,46023.6,39.93333333333333,60,0.9833333333333333,0.7227263633333333,bnci2014_001
9,45842.4,39.733333333333334,60,0.95,0.7899374816666667,bnci2014_001
